pdb,run,header,sequence,score,seq_recovery
6ooy,1,">cleaned, score=1.4573, fixed_chains=[], designed_chains=['A', 'B', 'C'], model_name=vanilla—v_48_020",TPSDKPVAHVVANPQAEGQLQWLNRRANALLANGVELRDNQLVVPSEGLYLIYSQVLFKGQGCPSHVLLTHTISRIAVSYQTKVNLLSAIKSPCKPWYEPIYLGGVFQLEKGDRLSAEINRPDYLDFAESGQVYFGIIAL/PSDKPVAHVVANPQAEGQLQWLNRRANALLANGVELRDNQLVVPSEGLYLIYSQVLFKGQGCPSHVLLTHTISRIAVSYQTKVNLLSAIKSPCAKPWYEPIYLGGVFQLEKGDRLSAEINRPDYLDFAESGQVYFGIIAL/KPVAHVVANPQAEGQLQWLNRRANALLANGVELRDNQLVVPSEGLYLIYSQVLFKGQGCHVLLTHTISRIAVSYQTKVNLLSAIKSPCKPWYEPIYLGGVFQLEKGDRLSAEINRPDYLDFAESGQVYFGIIAL,1.4573,
6ooy,1,">T=0.1, sample=0, score=0.7566, seq_recovery=0.4855",GASTRPVAHAVLDPSAKGAMVWRADAENALLHNGVRLEDNRLVVPRPGLYRVYAQVTFKLEGCPPNITLTLTISRVAPADPRPRTLLSAEANPCSKRYVPLFLSGVFELEAGDRLAATVNRPEYLYNDEPGRNYFGILEL/GSTRAAAHLKADPNAKNALKWVSNAPNCILHNGIELKDNKIVIPRSGLYRVYAQALFSLTGCTSSTVLELTISLYRKEKNEWTPLLKAIATPCPPTRYVPLFLSGVFELEAGDELAAEVNKPEYLDFAEPGQNYFGVLEL/RAKALAYADPNATNSLVWVCDAPGGVCENGVKLEDNKLVIPRSGLYRIYGSVLFSGTGCPVVLEARITKEHAKTGEKETLLSARVTPCEPWRVPLFLGGVFELEKGDKLGFEVNRPEYLDLSGSGENFFGILEL,0.7566,0.4855
6ooy,1,">T=0.1, sample=0, score=0.7527, seq_recovery=0.4976",AASTRPRAHVVADPSAKGALVWRADAPNALLHNGVRLEDNQLVVPRPGLYLVYAQATFKMEGCPPSVTLTLTISRVSPADPRPVTLLSASADPCSTRYVPLFLSGVFRLEAGDRLSATVNRPEYLDNSAPGLNYFGILEL/ASTRAAAHAVADPNAKNAYKWLTDAPNAILKNGVKLENNQIVIPKSGLYLVYGQALFKTTGCSSSTTLEATISKYNKATQTWTPLLRAIATPCGGTQYVPLFLSGVFELNAGDRLSFTVNNPQYLDFSNPGQNYFGILQL/RARCLALADPNASNSLVWRCDLPGGVCENGVKLENNELVIPESGLYLVYASVQFTGSGCGVTLTATISKTKAKTGETETLLYTKATPCTPWTVPLFLSGVFELEKGDRLSCSVNQPQYLDKSGSGTTFFGIEQL,0.7527,0.4976
6ooy,1,">T=0.1, sample=0, score=0.7535, seq_recovery=0.4928",AASTKPRAHAVLDASAVGSDVLVADAPNALLANGVTLEDNQLVIPRDGLYRIYAQKTFKMTGCPAGVTLTLTISVVSPANPTPTVLLSASVDPCSERYVPLFLSGVFYLQAGDRLSCTVNRPDLLDNSEPGTNYFGIEQL/ASTKAAAHLSADPNAVNAWVWRADVPNCLLRNGVRLEDNAIVVPRSGLYRVYAQALFKLQGCTSSTVLTLTISLRRAATQTETPLLKAIVTPCSSTRYVPLFLSGVFELEAGDRLFATVNNPQYLDFSNPGQNYFGILQL/KARCLAFADPNATNELKWLCNLPGGVCENGVKLENNQLVIPESGLYRVYGSVLFSGTGCSVVLEAKITRISATTGNSTTLLYTKATPCKPWKVPLFLGGVFELQKGDKLGFSVNRPEYLDLSGSGETFFGILQL,0.7535,0.4928
6ooy,1,">T=0.1, sample=0, score=0.7622, seq_recovery=0.4831",AASTRPRAHAVLDPSAVGSNVWRTDAPNALLHNGVRLENNQLVVPRPGLYHIYAQATFKMTGCPPNVTLTLTISVIRPSNPSPQTLLSASANPCSERYQPLYLSGVFYLEAGDRLSCTVNRPEYLYNDQPGRNYFGIEQL/ASTKAAAHLKADPNAKNELKWVADVPNAILHNGIKLEDNALVIPRSGLYHVYGQVLFKTTGCTSSTVLTATISLYRKSTNTWTPLLTQIATPCNNTKYQPLYLSGVFELEAGDRLYFTVNNPQYLDFDNEGQNYFGVLQL/RASALAFADPNATNSLTWLCNAPGGVCTNGVKLENNQLVIPASGLYHVFGQVLFTGTGCNVTLEAKITKIKATTGNSETLLYAKVTPCTPWTQPLYLSGVFELQQGDKLGLTVNKPEYLDLSGSGTTYFGVLQL,0.7622,0.4831
6ooy,1,">T=0.1, sample=0, score=0.7650, seq_recovery=0.4928",EESTKPVAHVVLDPSAKGSDVWVADAPNALLHNGVTLENNQLVVPKPGYYHIYAQKLFKMEGCPASVTLTLTISVIRPSNPSPEVLLSASVNPCSVKYVPLFLSGVFYLEAGDKLSCTVNKPEYLYNSAPGLNYFGILQL/ESTKAAAHLKADPNAKNALKWVSDVPNAILHNGVTLENNELVIPKSGLYLVYAQVLFKTTGCSSSLILEATISRYNAATKTRTPLLRVIVSPCNPTRYVPLFLSGVFELNAGDRLSATVNNPEYLDFDTPGQNYFGILQL/KPSCLALADPNATNALVWVCDAPGGVCTNGVELVDNKIVIPRSGLYLVYGSVTFTGSGCPVTLTATISLIHAETGEEETLLSAKVTPCTPWTVPLFLSGVFELKEGDKLAFTVNQPQYLDLSGSGTNFFGVLQL,0.765,0.4928
6ooy,1,">T=0.1, sample=0, score=0.7550, seq_recovery=0.5072",GGSTKPVAHVVLDPAAKGADVWRADAPNALLHNGVELVDNQLVIPRDGLYFVYAQKTFRMTGCPAGVTLTLTISRVSPDNPSPVVLLSAEKDPCNERYVPLFLSGVFYLKAGDKLSCTVNRPELLDNSEPGRNYFGILQL/GSTKAAAHLKADPNAKNALKWVADAPNCLLKNGVTLEDNQIVIPKSGLYFVYAQALFKLTGCTSNETLTLTISLYRKKTKTWTPLLRAIKTPCNPTRYVPLFLSGVFELEAGDKLSAEVNRPEYLDFENPGQNYFGILQL/KPRALAYADPNATNSLVWRCDLPGCVCENGVKLEDNRLVIPRSGLYLVYGQVTFSGNGCPVTLEAKISKIDATTGTESTLLYAKVTPCAPWTVPLFLGGVFELKKGDRLGFTVNQPQYLDKSGQGTNFFGILQL,0.755,0.5072
6ooy,1,">T=0.1, sample=0, score=0.7595, seq_recovery=0.5145",AASTRPVAHVVLDPSAVGSNVWRADAPNALLHNGVRLENNQLVVPRAGLYLIYAQALFKMTGCPPGVTLTLTISVVRPDNPSPTVLLSTSANPCDTRYVPLFLSGVFNLQAGDRLSCTVNRPEYLYNDQPGRNYFGILQL/ASTRAAAHAVADPNAKNALKWLTDVPDALLHNGVTLENNQLVVPRSGLYLVYAQVLFKTQGCTSDLTITVTISRYRKSTQTWTPLLHAIATPCPPTKYVPLFLSGVFRLEAGDRLSATVNKPELLDFSEPGQNTFGILEL/RPRALALADPNATNSLTWLCDLPGGVCENGVKLEDNKLVIPRSGLYLVYGSVLFSGTGCPVVLEARISKEHATTGEKRTLLYARATPCPPWRVPLFLSGVFELEEGDRLSCEVNRPEYLDLSGSGETFFGVLEL,0.7595,0.5145
6ooy,1,">T=0.1, sample=0, score=0.7380, seq_recovery=0.5048",AASTRPAAHVVADPAAVGDLVWRADAPNALLHNGVRLEDNALVVPRPGLYRVYAQATFKLTGCPPSVTLTLTISRVSPANPAPTVLLSTSEDPCGERFVPLFLEGVFELEAGDRLYATVNRPEYLYNDSPGRNYFGILQL/ASTKAAAHAKADPNAKDALKWITDAPNCLLTNGVTLEDNQLVVPRSGLYRVYGQALFKRTGCTSGEVLTATISRYNAATQTWTPLLTAIETPCPPESYVPLFLEGVFELQAGDRLSFTVNRPEYLDFDNPGQNYFGILQL/RARALFYADPNATNALVWLADLPGGVAENGVKLEDNQLVIPRSGLYRIYGSVKFTGNGCPVVLTAKISKIHAVTGKKETLLYAKVTPCTPWTVPLFLEGVFELKEGDRLSFEVNQPQYLDKSGSGTNFFGIEQL,0.738,0.5048
6ooy,1,">T=0.1, sample=0, score=0.7803, seq_recovery=0.4710",GASTRPRATARLDAAAVGADVWVADAPGALLHNGVTLKDNQLVVPKDGLYRIYAQKLFKMEGCPPGVTLTLTISKTSPDNPSPEVLLSRSADPCNVRYVPLFLEGIFELKAGDKLSCTVNRPEYLDTSTPGLNYFGIEQL/PSTKAAAHASLDPNAKNEAKWVTDAPLCLLHNGVTLEDNKLVVPRSGLYRVYAQFLFKTTGCTSNTTLTATISLERAATQTTTPLLRVIATPCNTTQYVPLFLEGVFELQAGDRLSATVNNPQYLDFSQPGMNYFGIEQL/RPRAVFFADPNATNALVWRADLPGGVAENGVELVDNRLVIPESGLYRVYGSVLFSGSGCTVTLEYTISRISATTGDETTLLYAKVTPCTPWTVPLFLEGVFELQQGDRLSSTVNNPQYLDKSGYGETFFGIEQL,0.7803,0.471
6ooy,1,">T=0.1, sample=0, score=0.7352, seq_recovery=0.4903",GASTKPRAHVVADPAAKGALVWRADAPNALLHNGVRLEDNRLVVPRPGLYFIYAQATFKMTGCPPGVTLTLTISVVRPSNPSPQVLLSASKNPCAEKYVPLFLSGVFYLQAGDRLSCTVNRPEYLYNDAPGLNYFGILQL/KSKKARAHLKADPNAKNALKWVSDAPNCILANGVKLENNKLVVPESGLYRVYGQVLFKTTGCTSALKLEVTISLTKKSTNTTTPLLRSIKTPCTTEKYVPLFLSGVFYLNAGDELSLTVNNPEYLDFDNPGQNYFGIEKL/KPKCLAFADPNATNELKWLCDLPNGVCENGVKLEDNKIVIPESGYYRVYGKALFTGNGCTVTLEVKISKIHAETGDEETLLYAKVTPCTPWSVPLFLSGVFELKKGDKLSFEVNNPEYLDKSGYGENFFGIEKL,0.7352,0.4903
6ooy,1,">T=0.1, sample=0, score=0.7724, seq_recovery=0.4807",AASTKPVAHAVADPSAKGSLVWRADAPNALLHNGVKLENNQLVIPKDGLYRIYAQVLFKMTGCPPGVTLTVTISKISPSNPSPITLLSKSENPCDERYVPLFLSGVFYLKAGDRLSCTVNRPEYIYNDEPGLNYFGILQL/ASTKAAAHLVADPNAVNALKWVADAPNAILRNGVELVDNKLVIPRSGLYRVYAQALFKQTGCSSDTLLELRISLYRAATQEWRPLLYVRETPCNSTSYVPLFLSGVFELQAGDRLSATVNNPQYLDFDNPGQNYFGILQL/KPRCLAFADPNASNSLVWKCDLPGGVCENGVKLENNKIVIPRSGLYRVYGSVLFKGSGCSVVLEASISKIHATTGESETLLYAKVTPCTPWEVPLFLEGVFELEEGDQLGFTVNNPQYLDKSGYGETFFGVLQV,0.7724,0.4807
6ooy,1,">T=0.1, sample=0, score=0.7627, seq_recovery=0.4855",MMSTKPVAHAVLDPAAKGANVWRTDAPNALLHNGVKLEDNQLVIPKDGLYEIYAQATFKLNGCPPSVTLTLTISVIRPSDPTPVTLLSASVNPCNTRYQPLFLSGVFYLQAGDRLACTVNKPEYLYNDEPGRNYFGIKQL/MSTKAAAHLVADPNAVNSYTWVSNTENAILHNGITLVNNKIVVPESGLYEVYGQALFSLTGCTSNTVLTVTISLYKKKEKKETPLLKSIVTPCNNTSYQPLFLSGVFELEAGDELSFTVNNPSYLDFSEPGQNYFGIRQL/KPRALVTADPNASNSLTWVCDAPGCVCENGVKLENNRLVIPESGLYEIYGKVVFTGNGCNVVLEAKITRIDAKTGEEKTLLYAKVTPCEPWTQPLFLSGVFELEKGDELGFTVNQPQYLDKSGSGQTFFGIRQL,0.7627,0.4855
6ooy,1,">T=0.1, sample=0, score=0.7508, seq_recovery=0.4928",AASTKPVAHVTLDPTAKGANVWVADAPNALLHNGVTLEDNQLVIPKDGYYLIYAQATFKMEGCPAGVTLTLTISRISPSNPSPVVLLSASANPCNTRYVPLFLSGVFYLQAGDRLSCTVNRPEYLYNEAPGLNYFGILQL/ASTKARAHAVADPNAKNALKWVTDAPNAILANGVTLTDNKLVVPRSGLYLVFAQALFKTTGCSSNTVLEVTISRYRAATKEWTPLLRAIATPCNPERYVPLFLSGVFELEAGDRLSATVNNPEYLDFDNPGQNYFGIEQL/KPSALFFADPNASNSLVWKCDLPGGVCSNGVKLEDNKIVIPESGYYLVFGKVRFTGTGCPVVLEAKITKIDAKTGKEETLLYAKETPCTPWTVDLFLSGVFELEKGDKLGCTVNQPQYLDLSGSGDTFFGIEQL,0.7508,0.4928
6ooy,1,">T=0.1, sample=0, score=0.7419, seq_recovery=0.4928",GGSTKPVAHARLDPAAVGDDVWRADAPGALLANGVELVDNRLVVPRPGLYLVYAQVLFKMTGCPPSVTLTVTISRVSPAAPAPTVLLSASENPCDTRYVPLFLSGVFELEAGDRLSCTVNRPEYLYNSAPGLNYFGILQL/GSTKAAAHLKADPNAKDALKWVADAPHCLLRNGVQLVDNQLVVPRSGLYLVYGQVLFKQTGCTSDLTVTATISLYRAATREWRPLLQVIETPCNPTWYVPLFLSGVFRLEAGDRLSFTVNRPELLDFDNPGQNYFGILQL/KARALAFVDPNATNALVWLCNLPGGVCENGVQLVDNKLVIPQSGLWLVYGSVLFTGSGCPVTLEARITREHATTGTTETLLYAKVTPCSSWSVPLFLSGVFELQQGDRLGFTVNRPEYLDKSGTGTTFFGILQL,0.7419,0.4928
6ooy,1,">T=0.1, sample=0, score=0.7501, seq_recovery=0.5338",AASTKPRAHAVADPSAVGSLVWRVDAPNALLANGVKLENNQLVIPKPGLYFIYAQVTFRMSGCPPSVTLTVTISRVSPSNPSPVVLLSASANPCSERYVPLYLGGVFYLEAGDKLSCTVNRPEYLDNSEPGLNYFGILQL/ASTKAAAHLVADPNAVNAWKWVADVPNALLTNGITLVDNQLVVPRSGLYYVYAQALFKLTGCTSSTTLTLTISLYRASTQEERPLLSVRATPCGGTSYVPLYLGGVFELEAGDRLSATVNNPQYLDFSTPGQNYFGIRQL/KAQALAFADPNATNELKWLCNLPGGVCTNGVKLENNKLVIPESGLYYVYGSVVFSGSGCGVTLTATISRIKATTGEEETLLSAKVTPCAPWTVPLYLGGVFELEKGDKLSCTVNNPDYLDKSGYGQNFFGIRQL,0.7501,0.5338
6ooy,2,">cleaned, score=1.4328, fixed_chains=[], designed_chains=['A', 'B', 'C'], model_name=vanilla—v_48_020",TPSDKPVAHVVANPQAEGQLQWLNRRANALLANGVELRDNQLVVPSEGLYLIYSQVLFKGQGCPSHVLLTHTISRIAVSYQTKVNLLSAIKSPCKPWYEPIYLGGVFQLEKGDRLSAEINRPDYLDFAESGQVYFGIIAL/PSDKPVAHVVANPQAEGQLQWLNRRANALLANGVELRDNQLVVPSEGLYLIYSQVLFKGQGCPSHVLLTHTISRIAVSYQTKVNLLSAIKSPCAKPWYEPIYLGGVFQLEKGDRLSAEINRPDYLDFAESGQVYFGIIAL/KPVAHVVANPQAEGQLQWLNRRANALLANGVELRDNQLVVPSEGLYLIYSQVLFKGQGCHVLLTHTISRIAVSYQTKVNLLSAIKSPCKPWYEPIYLGGVFQLEKGDRLSAEINRPDYLDFAESGQVYFGIIAL,1.4328,
6ooy,2,">T=0.1, sample=0, score=0.7722, seq_recovery=0.4928",SASTRPRAHAVLDPSAVGDNVWRVDAPGALLHNGVKLEDNQLIVPKDGLYRIYAQATFKMNGCPSNVTLTLTISRISPEDPTPKTLLSTSENPCNTRYVPLYLEGVFELKAGDKLSCTVNRPEYLYNDEPGRNYFGIEQL/SSTRAAAHLKADPNAKNALVWISDAPNCLLHNGVTLENNQIVIPRSGLYRVYAQVLFSTTGCTSNLTITATISRYRAATQTERPLLKAIETPCNPTRYVPLYLEGVFELQAGDRLSATVNNPSLLDFSNPGQNYFGILQL/RPSCLAFADPNSSNSLVWKCDLPGGICSNGVELVDNKLVIPRSGLYRIYGKVKFSGSGCPVTLTYKISKIHATTGTSETLLYAKATPCSPWTVPLYLEGVFELEKGDKLSSEVNKPEYLDKSGYGETFFGIRQL,0.7722,0.4928
6ooy,2,">T=0.1, sample=0, score=0.7819, seq_recovery=0.4831",GESTKPVAHAVLDPSAVGDNVWRVDAPNALLHNGVKLENNQLVVPKDGLYFIYAQATFKMTGCPPNVTLTLTISKISPDNPSPKTLLSTSVNPCSERYVPLYLSGVFELKAGDKLSCTVNRPEYLYNDEPGLNYFGILQL/ESTKPAAHLKADPNAKNAYKWVADVPNALLHNGITLEDNQIVVPRSGLYYVYAQVLFKQQGCTSSTVLEATISLYRKELQEETPLLRQRVTPCSSTSYVPLYLSGVFELNAGDRLSATVNNPEYLDFDKPGQNYFGILQL/KAQALAFVDPNATNSLVWLCNLPGGVCSNGVKLENNRLVIPRSGLYYVFGQVKFTGTGCSVVLEAEIKKISATTGEEQTLLYAKETPCEPWTVPLYLGGVFELQQGDQLSCTVNKPEYLDKSGYGTNFFGIRQL,0.7819,0.4831
6ooy,2,">T=0.1, sample=0, score=0.7441, seq_recovery=0.4686",EESTKPRATAYLDPAAVGDDVWRVDAPNALLHNGVKLEDNQLIVPKDGLYRIYAQKLFKMEGCPSGVTLTLTISVISPDDPSPKTLLSTSENPCSTKYVPLFLSGVFYLKAGDKLSCTVNKPEYLDNSEPGTNYFGIEQL/ESKKARAHLSADPNAVNSYKWVADKPNCILHNGIKLENNQLIVPRSGLYRVYGQALFSTTGCSSSLTLTATISLYRKSTKEWTPLLTVKETPCNSTRYVPLFLSGVFELEAGDRLSFTVNNPSYLDFSNPGQNYFGIEQL/KARALAFADPNATNSLVWKCDLPGGVCENGVELKDNKLVIPKSGFYRIYGSVLFTGTGCSVTLEAKITKIKATTGDEETLLYAKETPCEPWTVPLFLSGVFELEKGDKLGFEVNKPEYLDKSGYGTTFFGIEQL,0.7441,0.4686
6ooy,2,">T=0.1, sample=0, score=0.7677, seq_recovery=0.5024",GASTRPVAHVVLDPSAVGSQVWVADAPNALLSNGVRLENNQLVVPRPGLYRVYAQVTFKMEGCPPSVTLTLTISVVRPSNPSPVTLLSTSETPCNVRYVPLYLSGVFFLEAGDRLSCTVNKPEYLYNSEPGLNYFGILEL/PSTRAAAHLVADPNAVNAWVWKADAPNALLHNGVTLEDNKIVIPRSGLYRVFAQALFKTSGCSSNLTLTLTISLYRKATQEETPLLKAIETPCNPTRYVPLYLSGVFELEAGDRLSATVNRPEYLDFSEPGQNYFGILQL/RARCLAFADPNATNSLTWLCNLPGGVCENGVKLENNRLVIPESGLYRIFGSVLFSGSGCPVTLEARISKIDAKTGEETTLLSAKVTPCSPWTVPLYLSGVFELQKGDQLSFTVNRPEYLDKSGSGTNFFGILQL,0.7677,0.5024
6ooy,2,">T=0.1, sample=0, score=0.7702, seq_recovery=0.5024",GASTKPRATVYADPAAVGDLVWVADAPYALLHNGVKLENNQLVVPKDGLYRIYAQVTFKMEGCPPGVTLTVTISRISPANPTPVTLLSTSKNPCSTRYVPLFLSGVFYLQAGDKLSCTVNRPEYLDRSEPGLNYFGIEQL/GSTKAAAHAKADPNAVNALKWVTDAPNCILKNGVKLENNQIVIPRSGLYRVYGQVLFKTTGCTSSLTLEATISLYDKALNEERPLLSARKTPCNNTRYVPLFLSGVFELNEGDRLSFTVNRPELLDFSEDGQNYFGIEEL/KARALAFADPNSSNSLTWLCNLPGGVCENGVKLEDNKLVIPRSGLYRVYGQVLFTGNGCNVTLTAKISKIDATTGTETTLLSAKVTPCTPWTVPLFLSGVFELKKGDKLSFTVNNPEYLDKSGSGTNFFGIEEL,0.7702,0.5024
6ooy,2,">T=0.1, sample=0, score=0.7527, seq_recovery=0.4710",EESTRPRAHVVLDPAAKGSDVWRADAPGALLHNGVKLENNQLIVPKDGLYRIYAQKLFKMEGCPPSVTLTLTISVVSPDNPTPTTLLSSSENPCNTKYVPLFLGGVFYLKAGDKLSCTVNRPEYLYNDAPGLNYFGILQL/ESTRAAAHLAADPNAKNALKWVADRPHCLLVNGARLEDNQIVIPRSGLYLVYAQALFSTKGCSSNLTLELTISLHRAAEDRWEPLLRVIETPCNPTSYVPLFLEGVFELEAGDRLSATVNNPEYLDFSRPGQNYFGILQL/RPRCLAFADPNATNALVWKCNLPGGVCENGVELVDNELVIPRSGLWLVYGSVLFSGTGCPVVLTAEISLIHAETGDRETLLYAKATPCTPWTVPLFLEGVFRLRQGDRLSFTVNKPEYLDLSGYGTTFFGILQL,0.7527,0.471
6ooy,2,">T=0.1, sample=0, score=0.7666, seq_recovery=0.4734",GASTRPRAHASLDPSAVGSWVWRADQPNCLLHNGVRLENNQLVVPRDGLYRIYAQATFKMEGCPEGVTLTLTISVIRPDNPAPEVLLSASENPCDTKYVPLFLSGVFYLRAGDRLSCTVNRPEYLDNSEPGRNYFGILQL/GSTKAAAHLVADPNAVNSLKWVSNVPNAILHNGVTLENNKLVIPKSGLYRVYGQALFSLTGCTDDTLLEATISLYRKKLQKEEPLLHARESPCNPTRYVPLFLEGVFELQAGDELSFTVNNPQYLDFSNPGQNYFGILQL/RAKALAFADPNATNSLVWVCDAPGGVCENGVELVDNKLVIPESGLYRIFGSVLFTGSGCPVTLEAKISKIHAKTGKEETLLYAKVTPCTPWTVPLFLEGVFELEKGDKLSFTVNKPEYLDKSGYGTTFFGILQL,0.7666,0.4734
6ooy,2,">T=0.1, sample=0, score=0.7629, seq_recovery=0.4686",MMSTRPVAHVSLDASAVGADVWRADAPNALLANGVTLEDNALVIPRDGLYRIYAQALFKMTGCPPSVTLTLTISVVRPSDPSPTVLLSTSVNPCGERYVPLFLSGVFYLQAGDRLSCTVNRPEYLDNSVPGRNYFGILQL/MSTKARAHLVADPNAKNALVWRADAPNAILANGVTLEDNRLVIPRSGLYRVYAQALFKLTGCTGGTVLELTISRYRAATQEWTPLLHAVVTPCNPTSYVPLFLSGVFELQAGDRLAATVNKPEYLDFSNPGMNYFGILQL/RASCLAFADPNATNALVWVCDAPGGVCTNGVTLEDNKLVVPASGYWRVFGSVTFKGNGCPVTLTATITLTHATTGDEETLLHAKATPCEPWTVPLFLEGVFYLQKGDRLGFTVNKPEYLDKSGSGTNFFGLRQL,0.7629,0.4686
6ooy,2,">T=0.1, sample=0, score=0.7734, seq_recovery=0.4928",KASTRPVAHVVADASAVGSLVWQADAPNALLHNGVTLENNQLVIPRDGLYLIYAQVTFKLTGCPAGITLTVTISVVRPSNPSPTTLLSASANPCSERYVPLFLSGVFYLQAGDRLSCTVNRPEYLDNSEPGRNYFGILQL/KSTKARAHLVADPNASNAYVWKSDVPDAILANGITLVDNQLVVPKSGLYLVYGQALFKTTGCTGSLELELKISRYRAATQTWTPLLYARATPCNNTRYVPLFLSGVFELEAGDKLSMTVNNPSYLDFSNPGQNYFGILQL/RARCLAFADPNASNSLTWLCDLPGGVCENGVELVDNMLVIPRSGYYLVFGSVKFTGSGCNVTLEVRISRIGARTGESRTLLYAKATPCTPWTVPLFLGGVFELEEGDRLSLEVNQPQYLDKSGYGTTFFGVLQL,0.7734,0.4928
6ooy,2,">T=0.1, sample=0, score=0.7689, seq_recovery=0.4783",SASTRPRAHAVADPTAKGSLVWRADAENALLHNGVKLENNQLVVPKDGLYRIYAQVTFKMTGCPSSVTLTLTISRVSPDDPSPKTLLSSSENPCNTVFTPLFLEGVFYLKAGDKLSCTVNKPEYLYNDTPGRNYFGILQL/SSTRPAAHLVYDPNAVNALVWKDNVPNAILHNGITLTNNQIVVPESGYYLVYGQVLFKQTGCTSNTTLTATISLTKKSTNKTTPLLTVIETPCSSTSYTPLFLEGVFYLNAGDKLSFTVNNPQYLDFSNPGQNYFGILRL/RPRALARVDPNATNALVWQCNLPGCVCENGVELVDNKLVIPESGLYLVFGKVKFTGTGCSVTLTAKITRIHATTGTEETLLYAKETPCTPWTVPLFLEGVFELEKGDRLGCTVNQPQYLDKSGYGENFFGILRL,0.7689,0.4783
6ooy,2,">T=0.1, sample=0, score=0.7525, seq_recovery=0.4928",GASTKPVAHAVLDPAAVGADVWRVDAPNALLHNGVKLENNQLIVPKPGLYKIYAQATFKMTGCPPGVTLTLTISKIAPDNPSPEVLLSASANPCNERYVPLYLSGVFYLNAGDKLSCTVNRPDLLDNSAPGRNYFGILQL/MSTKARAHAKADPNAKNALKWITDAPNCLLANGVTLENNQLVIPRSGLYKVYGQVLFSITGCTSNEVLTATISLYRAALQTWTPLLHAVATPCPPTRYVPLYLSGVFELEAGDKLSFTVNKPEYLDFSEPGQNYFGILQL/KAKALAFVDPNATNSLVWRCDLPGGVCENGVKLEDNKLVIPESGYYKVYGSVKFTGTGCPVTLEAKISLIHATTGEEETLLSAKVTPCTPWTVPLYLSGVFYLKKGDKLSFEVNNPQYLDKSGYGENFFGIEQL,0.7525,0.4928
6ooy,2,">T=0.1, sample=0, score=0.7763, seq_recovery=0.5314",GASTKPVAHAVADAAAVGDLVWRTDAPNALLSNGVTLENNQLVVPKPGLYLIYAQVTFKLEGCPPGVTLTVTISRIAPSNPTPEVLLSAEVDPCNVRYVPLYLSGVFYLEAGDRLSCTVNRPEYLDNSVPGRNYFGILQL/PSTKAAAHASADPNAKNALKWVTDAPNCLLHNGVTLKDNRLVIPRSGLYLVYGQVLFKGTGCTSNTVLTATISLYRKSTKTWTPLLHVVVSPCNETWYVPLYLSGVFELNAGDELSFEVNNPEYLDFDNPGQNYFGILEL/KPRALAFADPNATNSLKWLCNLPGGVCENGVKLEDNKLVIPRSGLYLVFGKVLFTGNGCPVTLEAKISKIHATTGNEETLLYSKVTPCKPWTVPLYLGGVFELKEGDKLSFEVNNPEYLDKSGYGENFFGILEL,0.7763,0.5314
6ooy,2,">T=0.1, sample=0, score=0.7794, seq_recovery=0.4758",GASTKPRAHVVLDASAVGSWVWRADAPNALLSNGVKLEDNKLVIPKDGLYFIYAQATFKMEGCPPGVTLTLTISKVSPSNPTPTTLLSASANPCNTRYVPLFLSGVFNLKKGDKLSCTVNRPEYLYNDEPGLNYFGILQL/MSKKARAHLVYDPNATNAYVWKSDAPNAILANGVKLENNQIIVPKSGLYFVYAQALFKTTGCTSNTVLELKISLYKKATKTWTPLLYVRATPCPPTRYVPLFLSGVFELNAGDKLSATVNNPQYLDFSNPGQNYFGIIQL/KPSGLFFVDPNATNTLKWLCNLPGGVCSNGVKLENNQIVIPKSGYYFVFAKVKFTGNGCPVTLEVKISKIKATTGEEETLLYAKATPCPPWTVPLYLGGVFELEKGDRLKCTVNQPQYLDKSGSGENFFGIIQL,0.7794,0.4758
6ooy,2,">T=0.1, sample=0, score=0.7486, seq_recovery=0.4976",AASTRPRAHAVLDPAAKGANVWRADAPNALLANGVTLEDNQLVVPRPGLYRVYAQALFKMEGCPPGVTLTLTISVVRPSAPAPEVLLSASANPCSTRYVPLFLSGVFELEAGDRLSATVNRPEYLYNDRPGLNYFGIEEL/ASTKAAAHLKLDPNAKNALKWVSDVPNAILHNGVKLEDNQLVVPKSGLYRVYGQVLFKLTGCTSSTVLEVTISLYKKSTNTWTPLLHAIYTPCAPTSYVPLFLSGVFELEAGDRLSLTVNRPEYLDFSEEGMNYFGILQL/RPRALFFADPNATNSLTWVADAPGGVAENGVKLEDNKLVIPESGLYRVYGSVLFSGSGCPVVLEAKITRIDAETGKETTLLYAKVTPCAPWTVPLFLSGIFELKKGDKLSCTVNQPQYLDKSGSGTTFFGILQV,0.7486,0.4976
6ooy,2,">T=0.1, sample=0, score=0.7609, seq_recovery=0.4952",AASTAPRAHAVLDPAAVGADVWRADMPNALLHNGVQLVDNALVVPRPGLYFVYAQRTFKLTGCPPGVTLTLTISVVKPSDPTPTVLLSASEDPCSERYVPLFLSGVFELEAGDRLLCTVNRPEYLDNSEPGRNYFGILQL/ASTLAAAHAQADPNAVNALKWVTDAPNCLLHNGVTLEDNQLVVPRSGLYYVYAQVLFKTTGCTSSTVLTATISLYRASTQEWVPLLTAVETPCNNTSYVPLFLSGVFELEAGDRLSATVNNPQYLDFSEPGQNYFGIRQL/AARCLAFADPNATNSLVWQCNLPGGVCENGVKLENNQIVIPESGLYYVYGSVTFTGTGCNVVLEVKITKIHATTGDEVVLLSAKATPCAPWTVPLFLSGVFELEKGDRLGCTVNKPEYLDKSGSGTNFFGIRQL,0.7609,0.4952
6ooy,3,">cleaned, score=1.4485, fixed_chains=[], designed_chains=['A', 'B', 'C'], model_name=vanilla—v_48_020",TPSDKPVAHVVANPQAEGQLQWLNRRANALLANGVELRDNQLVVPSEGLYLIYSQVLFKGQGCPSHVLLTHTISRIAVSYQTKVNLLSAIKSPCKPWYEPIYLGGVFQLEKGDRLSAEINRPDYLDFAESGQVYFGIIAL/PSDKPVAHVVANPQAEGQLQWLNRRANALLANGVELRDNQLVVPSEGLYLIYSQVLFKGQGCPSHVLLTHTISRIAVSYQTKVNLLSAIKSPCAKPWYEPIYLGGVFQLEKGDRLSAEINRPDYLDFAESGQVYFGIIAL/KPVAHVVANPQAEGQLQWLNRRANALLANGVELRDNQLVVPSEGLYLIYSQVLFKGQGCHVLLTHTISRIAVSYQTKVNLLSAIKSPCKPWYEPIYLGGVFQLEKGDRLSAEINRPDYLDFAESGQVYFGIIAL,1.4485,
6ooy,3,">T=0.1, sample=0, score=0.7617, seq_recovery=0.5000",GASTRPRAHVVLDPAAVGSNVWRADAPNALLANGVKLENNQLVVPKPGLYEIYAQATFKLTGCPAGVTLTLTISKIAPSNPSPTVLLSASADPCDERYVPLFLSGVFYLEAGDKLSCTVNRPEYLYNDEPGLNYFGILQL/ASTKAAAHLRADPNAVNAYVWVSDVPNALLHNGVRLEDNQLVVPRSGLYEVYGQALFKTQGCTSDLVLEAVISLHRAATDTWTPLLRARATPCPPTRYVPLFLSGVFELEAGDRLSFTVNNPSYLDFSEPGQNYFGILQL/RPRALLTVDPNATNALVWRADAPGGVAENGVELVDNELVIPRSGLWEVFGSVKFTGSGCPVVLTARISRIRARTGERETLLSSKVTPCAPWSVPLFLGGVFELEAGDRLASEVNRPEYLDKSGSGETFFGVRQL,0.7617,0.5
6ooy,3,">T=0.1, sample=0, score=0.7706, seq_recovery=0.4589",AASTAPVAHAVRDPAAVGADVWQADAPNALLANGVTLEDNALVVPRDGLYFVYAQATFKLTGCPPGVTLTLTISVVSPAAPAPTTLLSTSVNPCNTRYVPLFLSGVFYLRAGDRLFCTVNRPEYLDNSAPGRNFFGIRQL/ASTLARAHLSYDPNAVNAYKWVADVPNSLLHNGVTLENNEIVVPRSGLYFVYGQALFSTTGCTSNLTLTATISLYRAATQEWTPLLQAVVTPCPPTQYVPLFLSGVFELQAGDRLSFTVNKPEYLDFSQPGQNYFGILQL/AASALARADPNATNALVWVCNAPGCVCSNGVKLENNQLVIPRSGLYEIFGSVLFTGSGCPVTLTAAITKTHATTGTTTTLLYAKETPCEPWSVPLFLGGVFELQQGDRLGFTVNNPQYLDKSGSGTTFFGIKQL,0.7706,0.4589
6ooy,3,">T=0.1, sample=0, score=0.7592, seq_recovery=0.4831",AASTRPVAHAVLDPAAVGSDVWRADAPGALLHNGVKLEDNKLVVPKPGLYRIYAQKLFKQEGCPPNVTLTLTISVVKPSDPSPTVLLSTSEDPCDVRYVPLYLSGVFELEAGDKLSCTVNRPDLLYNDRPGTNYFGIEQL/ASTKAAAHLVADPNAKNALKWVSDVPFALLHNGITLEDNKIVIPRSGLYRVYGQVLFKTTGCTSDEVLEATISLERAATQETVPLLHVIETPCTTTRYVPLYLSGVFELEAGDRLSFTVNKPEYLDFDNPGQNYFGVLEL/RARALLTADPNATNALVWVCDAPGGVCENGVRLEDNLLVVPRSGLYHVYGSVLFTGTGCTVTLTAKITRRHAVTGDEETLLYAKATPCAPWTVPLYLEGVFELEAGDRLGFTVNNPQYLDLSGSGTTFFGLLEL,0.7592,0.4831
6ooy,3,">T=0.1, sample=0, score=0.7775, seq_recovery=0.4807",GASTRPAAHARADPAAKGDLVWRVDAPDALLHNGVKLEDNKLVIPRDGLYRVYAQALFKLEGCPPGVTLTLTISVIKPSNPEPEVLLSASKNPCNERYVPLFLEGVFHLEAGDKLSCTVNRPEYLYNDQPGLNYFGILEL/ASTKARAHAVLDPNAKNAYKWLTDAPNAILANGITLKNNKIVVPRSGLYRVYAQALFKTTGCTSNLTLTLTISRTNKATNTTTPLLHAIETPCNPERYVPLFLEGVFELNAGDELSATVNKPEYLDFSNPGQNYFGILKL/KPKALFFADPNATNSLVWLANLPGGVATNGVKLENNQIVIPESGYYRVFGSVLFTGSGCPVVLEAKISKIHADTGEEETLLYAKVTPCSPWTQPLFLEGVFELKKGDRLSFTVNQPQYLDLSGYGTTFFGILKL,0.7775,0.4807
6ooy,3,">T=0.1, sample=0, score=0.7710, seq_recovery=0.4734",EESTKPVATVYADASAVGSLVWQADAPNALLHNGVKLENNKIIVPKDGYYLIYAQALFKLTGCPPSVTLTLTISVISPSNPSPTVLLSSSANPCSTRYQPLFLSGVFYLKAGDELSCTVNRPEYLDNSSPGQNYFGILQL/ESKKARAHLSLDPNAKNADKWVADVPNCILANGVKLENNKIVVPRSGLYLVYAQKLFKTTGCTSSTTFTVTISLYRKATKEETPLLKTIATPCNPTRYQPLFLSGVFELEAGDELSATVNNPEYLDFSKPGQNYFGIVQL/KAKALFFADPNATNALVWKADLPGGVATNGVKLEDNKLVIPRSGYYLVYGSVLFTGSGCPVTLEYEITKENAVTGTKETLLYAKVTPCAPWKQPLFLGGVFYLEKGDKLSSTVNQPQYLDKSGYGTTFFGVEQL,0.771,0.4734
6ooy,3,">T=0.1, sample=0, score=0.7557, seq_recovery=0.4928",GASTKPRAHVVADPAAKGKLVWRADAPNALLSNGVKLENNQLVIPKDGLYHIYAQVTFKMTGCPPNVTLTVTISVISPSNPSPKVLLSASENPCGERYVPLFLSGVFYLKKGDKLSCTVNRPEYLYNDEPGLNYFGILQL/GSTKAAAHAVADPNAVNAYVWKTDVPNALLKNGITLENNQLVVPKSGLYFVYGQALFKQTGCTSGTTLEATISKYNKATNTWTPLLRVRETPCSSTRYVPLFLSGVFELNAGDRLSFTVNNPSFLDFDNPGQNYFGILQL/KPRALLFADPNATNSLTWLADLPGGVAENGVRLENNRLVIPRSGLYFVYGSVKFSGNGCSVTLTAKITREHARTGTKETLLYAKETPCTPWTVPLFLSGVFELEEGDRLGFTVNKPEYLDLSGSGTNFFGILQL,0.7557,0.4928
6ooy,3,">T=0.1, sample=0, score=0.7669, seq_recovery=0.5000",EESTKPVAHVSADPAAVGSLVWRADAPNALLHNGVTLENNQLVVPRPGLYRIYAQVTFRMTGCPPGVTLTLTISRVSPSNPSPTTLLSASMNPCNERYVPLFLSGVFELEAGDRLSCTVNRPEYIDNSEPGRNYFGILQL/ESTKAAAHASYDPNAKNDYKWVTDAPNCILHNGITLENNQLVIPRSGLYRVYAQALFKTTGCSSNLVLELTISLYRASTQTWTPLLRAIMTPCNPTRYVPLFLSGVFELEAGDRLSATVNRPEYLDFSEPGQNYFGVLQL/KPAALAFADPNATNSLVWKGDMPGGVLTNGVKLENNKLVIPRSGLYRVFASVTFTGTGCPVTLTAKISKIDADTGNKTTLLSAKATPCTPWTVPLFLSGVFKLKKGDKLTCEVNNPEYLDKSGYGTNFFGILQL,0.7669,0.5
6ooy,3,">T=0.1, sample=0, score=0.7489, seq_recovery=0.4855",GESTRPRAHVVADPSAKGSLVWRADAPNALLHNGVTLENNQLVVPKPGYYLIYAQVTFKMTGCPPSVTLTLTISVVKPSNPSPTVLLSTSADPCNEKYLPLFLSGVFYLEAGDRLSCTVNKPEYLYNDEPGRNYFGILQL/MSKKAAAHLKADPNAVNSYKWVSDAPNCILHNGVKLEDNKIVIPKSGLYLVYGQALFKGTGCTSNTTLTATISLYRKKTKEETPLLKVIATPCNNTWYLPLFLSGVFYLEEGDKLSFTVNNPSYLDFSEDGQNYFGILQL/RPRALAFADPNATNALVWVCDAPGGVCENGVKLEDNKLVIPESGLYLVYGSVLFTGNGCNVTLTAKITKIDATTGDEKTLLYAKETPCPPWTLPLFLSGVFELKKGDKLGCTVNKPEYLDKSGYGTNFFGIEQL,0.7489,0.4855
6ooy,3,">T=0.1, sample=0, score=0.7655, seq_recovery=0.4831",GPSTRPRAHAVLDPTAVGDLVWRADAPNALLHNGVTLKDNQLVVPKDGYYHIYAQATFRLEGCPPGVTLTLTISVTSPDDPTPKTLLSASVDPCDVRYVPLFLSGVFYLKAGDKLSCTVNRPEYLDNSEPGRNYFGILQL/PSTLAAAHLKADPNAVNALKWVADVPNALLHNGVTLENNQIVIPKSGLYLVFGQVLFKTTGCTSDEILTATISLYKKSTKTWTPLLTVKVSPCNPTRYVPLFLSGVFELEAGDRLSFTVNKPEYLDFSEPGQNYFGIRQL/RARVLAFVDPNATNSLVWKCDLPGGVCTNGVTLEDNKIVIPASGLYLVFGQVKFTGSGCPVVLTAKISKIHATTGEEETLLSAKATPCTPWTVPLFLEGVFELQQGDRLSFTVNNPQYLDKSGYGTTFFGVRQL,0.7655,0.4831
6ooy,3,">T=0.1, sample=0, score=0.7624, seq_recovery=0.5072",EESTRPRAHVVADPAAVGALVWRADAPNALLHNGVTLENNQLVVPKPGLYRIYAQALFKMSGCPPGVTLTLTISRTSPSNPSPTVLLSSSANPCSERYVPLYLSGVFSLEAGDKLSATVNRPEYLDTSEPGTNYFGILQL/ESTRARAHLVADPNAVNSYTWVSDVPNALLANGVKLENNKIVVPRSGLYLVYGQALFSTTGCTSSLTLELTISKYNKATNTETPLLRVRATPCNPTRYVPLYLSGVFELNAGDELSMTVNNPSYLDFSTPGQNYFGIVEL/RARALAFADPNASNSLVWLCDLPGGVCENGVKLEDNKLVIPRSGYYLIYGSVKFSGSGCPVTLTATITREHAETGEKETLLSAKVTPCPPWTVPLYLGGVFYLEKGDRLGFTVNNPQYLDLSGYGTTYFGIEEL,0.7624,0.5072
6ooy,3,">T=0.1, sample=0, score=0.7644, seq_recovery=0.4952",AASTKPVAHVVADPAAVGALVWRADAPNALLHNGVKLEDNKLVVPKDGLYKIYAQATFKMTGCPPGVTLTLTISRVSPENPSPVTLLSASEDPCDTRYVPLFLSGVFYLKAGDKLSCTVNRPELLYNDEPGLNYFGIEQL/ASTKAAAHLSADPNAKNALKWLSNVPNSLLKNGITLKNNKIVVPRSGLYRVYAQALFKLTGCTSDTILELTISRYRKSEQRWTPLLRVIETPCNPVSYVPLFLSGVFELQAGDELSATVNKPEYLDFDEPGQNYFGIEQL/KARALAFADPNATNSLVWLCNLPGGVCENGVKLENNQLVIPESGLYRVYGSVTFSGSGCPTVLEAKISRIDATTGKETTLLYAKETPCTPWTVPLFLEGVFELQKGDRLSFTVNQPQYLDKSGSGTNFFGIEQL,0.7644,0.4952
6ooy,3,">T=0.1, sample=0, score=0.7494, seq_recovery=0.4879",GMSTKPRAHAVADPAAKGALVWRADAPNALLHNGVKLENNQLVVPKPGLYRIYAQVTFRMEGCPPGVTLTLTISKIAPSNPKPEVLLSTSANPCDVRYVPLFLEGVFNLEAGDKLACTVNRPEYIDNSEPGRNYFGILQL/MSTKAAAHLSADPNAVNAYVWVSDAPNCILTNGVTLEDNKIVIPRSGLYRVYGQALFKTTGCTGDLVLEATISLYKKATQTWTPLLRAVATPCPPTSYVPLFLEGVFELEAGDRLSFTVNKPQYLDFDEPGQNYFGILQL/KPRCLAYADPNASNSLVWLCDLPGGVCENGVELKDNLIVIPRSGLYRVYGSVLFTGTGCPVVLEARITKIDAKTGKETTLLSARATPCEPWTVPLFLEGVFELEKGDRLGFTVNRPEYLDKSGSGTTFFGVLQL,0.7494,0.4879
6ooy,3,">T=0.1, sample=0, score=0.7393, seq_recovery=0.5024",EASTKPRAHVVLDPAAKGALVWRADAPNALLANGVRLEDNALVIPRAGLYRIYAQVTFKMTGCPPGVTLTLTISRVAPSNPAPTVLLSTSENPCSERYVPLYLSGVFELEAGDRLYCTVNRPEYLYNDEPGRNYFGILQL/ESTKAAAHLKADPNAVNSLKWVSDVPNAILHNGVKLENNQIVIPRSGLYRVYGQALFKTTGCTSSEVLTATISKTNKATNTTTPLLKVIETPCNPTRYVPLYLEGVFELNAGDKLSFTVNNPSYLDFSNDGQNYFGIIEL/KARALAFADPNASNSLVWLCDLPGGVCENGVKLEDNELVIPRSGLYRIFGSVLFTGSGCPVVLEAKITKTHAKTGNSETLLYAKVTPCEPWRVPLYLEGVFRLEKGDRLSCTVNRPEYLDKSGYGETFFGIIEL,0.7393,0.5024
6ooy,3,">T=0.1, sample=0, score=0.7581, seq_recovery=0.4565",AASTKAVAHAVLDPAAKGANVWRVDAPNALLSNGVKLVDNKIVVPKDGYYQIYAQALFKMTGCPPGVTLTLTISVISPDNPSPTVLLSTSANPCGERYVPLFLSGVFYLKAGDKLSCTVNRPEYLDNSVPGTNYFGILQL/ASTKARAHLKLDPNAVNDYKWIADAPYCILANGVRLEDNKIVIPRSGLYQVYAQALFSTTGCTSGLTLELTISLYRAATQTWTPLLHVRASPCGGTSYVPLFLSGVFELQAGDRLAATVNRPEYLDFSNPGQNYFGILQL/KASCLAFADPNASNALVWRCDLPGGVCTNGVTLVDNRIVIPASGYYQVYGSVLFTGSGCGVTLEAKITRIHATTGNEDTLLYAKVTPCTPWSVPLFLSGVFELQQGDRLGFTVNRPEYLDLSGYGTTFFGIRQL,0.7581,0.4565
6ooy,3,">T=0.1, sample=0, score=0.7308, seq_recovery=0.5266",AASTKPVAHVVADPAAKGALVWRADAPNALLHNGVRLEDNQLVVPRDGLYLVYAQATFKMTGCPPSVTLTLTISVVRPDAPSPTTLLSATANPCNERFTPLFLGGVFYLQAGDRLSCTVNRPDYLYTDQPGLNYFGILQL/ASTKAAAHLVADPNAKNAWVWRADVPNALLANGVELVDNAIVVPRSGLYLVYAQALFKGEGCTSNTTLTLTISLRRAATQETVPLLHVIASPCNPTWYTPLFLGGVFELEAGDRLFATVNNPEYLDFSEPGQNYFGILQL/KPKCLAFADPNATNSLVWLCNLPGGVCTNGVKLEDNKIVIPESGLYLVFGSVLFTGSGCPVTLTAKISKIDAKTGEEKVLLYAKVTPCEPWSTPLFLGGVFELEKGDKLSFTVNRPEYLDLSGYGTTFFGILQL,0.7308,0.5266
6ooy,4,">cleaned, score=1.4428, fixed_chains=[], designed_chains=['A', 'B', 'C'], model_name=vanilla—v_48_020",TPSDKPVAHVVANPQAEGQLQWLNRRANALLANGVELRDNQLVVPSEGLYLIYSQVLFKGQGCPSHVLLTHTISRIAVSYQTKVNLLSAIKSPCKPWYEPIYLGGVFQLEKGDRLSAEINRPDYLDFAESGQVYFGIIAL/PSDKPVAHVVANPQAEGQLQWLNRRANALLANGVELRDNQLVVPSEGLYLIYSQVLFKGQGCPSHVLLTHTISRIAVSYQTKVNLLSAIKSPCAKPWYEPIYLGGVFQLEKGDRLSAEINRPDYLDFAESGQVYFGIIAL/KPVAHVVANPQAEGQLQWLNRRANALLANGVELRDNQLVVPSEGLYLIYSQVLFKGQGCHVLLTHTISRIAVSYQTKVNLLSAIKSPCKPWYEPIYLGGVFQLEKGDRLSAEINRPDYLDFAESGQVYFGIIAL,1.4428,
6ooy,4,">T=0.1, sample=0, score=0.7397, seq_recovery=0.4831",GASTKPVAHVVLDPSAVGANVWRADAPNALLHNGVTLEDNQLVVPKPGLYHIYAQATFKLTGCPPSVTLTLTISVVKPSNPTPTVLLSASENPCNEKYVPLFLEGVFELEAGDKLSCTVNRPEYLDNSTPGRNYFGILQL/MSTKAAAHLSADPNAVNSLKWVSNKPNCILHNGITLENNEIVVPKSGLYLVYGQVLFKTTGCTSNTVLTATISKYNKATNTTTPLLTVVETPCNNTKYVPLFLEGVFELNAGDRLSFTVNNPQYLDFDKPGQNYFGILQL/KAECLAFADPNATNSLVWKCDLPGGVCKNGVKLEDNKLVIPESGLYLIYGSVKFTGTGCNVTLEAEITKEKATTGNKETLLYAKETPCAPWTVPLFLEGVFELEKGDKLGCTVNQPSYLDKSGYGTTFFGIRQL,0.7397,0.4831
6ooy,4,">T=0.1, sample=0, score=0.7536, seq_recovery=0.5024",AASTAPVAHAVLDPAAKGSLVWQVDAPNALLHNGVKLENNQLIVPKDGYYRIYAQVLFKMEGCPPGVTLTVTISVISPDNPSPTVLLSASKNPCNTRYVPLFLSGVFYLKAGDRLSCTVNRPEYLDNSEPGRNYFGIEQL/ASTAAAAHLVADPNAVNALKWLADVPNALLRNGVTLENNQLVIPRSGLYRVYGQVLFKTTGCTSNTTLTATISLYRKATNTWTPLLKVIKTPCNPTKYVPLFLEGVFELEAGDRLSLTVNNPSYLDFSNPGQNYFGILEL/AARCLAFADPNATNELKWLCNLPGGVCENGVELVDNKIVIPRSGLYRVYGSVVFTGSGCPVVLEAKISRIDAVTGKEETLLYAKVTPCAPWTVPLFLEGVFELREGDRLSFTVNQPQYLDKSGSGQNFFGILEL,0.7536,0.5024
6ooy,4,">T=0.1, sample=0, score=0.7557, seq_recovery=0.4903",GASTKPVAHAVLDPAAKGANVWQVDAPNALLHNGVKLEDNKIVIPKPGLYRIYAQVTFKMTGCPPGVTLTLTISVIKPSNPTPETLLSTSANPCNTVYVPLFLEGVFYLEAGDKLSCTVNRPEYIDNSEPGQNYFGIEQL/MSTKARAHLKADPNAKNAFKWVADAPNCILANGVTLENNQIVVPRSGLYRVFGQVLFKLTGCTSNVVLEATISLYRASTNEWTPLLHVKYTPCPPTSYVPLFLEGVFYLNAGDRLSFTVNKPEYLDFSEPGMNYFGIEQL/KPRALVFADPNATNALVWLCDLPGGVCENGVELKDNKLVIPESGYYRVFGSVTFSGEGCPVTLEARITREKATTGTKTTLLYTKATPCTPWTVPLFLEGVFELEKGDRLGFEVNRPEYLDLSGYGTNFFGIEQL,0.7557,0.4903
6ooy,4,">T=0.1, sample=0, score=0.7485, seq_recovery=0.5024",AASTKPVAHAVLDPAAKGDNVWRVDAPNALLHNGVKLEDNKLVVPKPGLYFIYAQATFKMEGCPPGVTLTLTISKVSPANPAPTVLLSASENPCNVRYVPLFLSGVFELEAGDKLSCTVNRPEYLYNDRPGLNYFGILQL/ASTKAAAHAVADPNAVNALKWLTDVPNALLTNGVRLEDNQLVVPRSGLYHVYGQALFKTTGCTSNLVLEATISLYRRSTQTWTPLLHVRETPCSSTSYVPLFLSGVFELEAGDRLSFTVNNPQYLDFSQPGRNYFGILQL/KPQALVLADPNATNALVWRCDLPGCVCTNGVQLVDNRLVIPESGLYHIYGSVLFTGSGCSVTLTAKITRIDAETGDEHTLLYAEVTPCPPWSVPLFLSGVFELKKGDRLGCTVNQPQYLDLSGSGTTFFGILQL,0.7485,0.5024
6ooy,4,">T=0.1, sample=0, score=0.7536, seq_recovery=0.5048",GESTKPRAHVRLDASAVGSWVWRADAPNALLHNGVTLEDNQLVVPRAGLYLVYAQATFKMTGCPPSVTLTLTISRVAPSNPSPVTLLSTSKNPCSTRYVPLFLSGVFELQAGDRLSCTVNRPEYLDNSTPGRNYFGILQL/ESTKAAAHLKADPNAKNALKWISNAPNCILHNGVTLENNKIVIPKSGLYLVYGQVLFQTQGCTSSLTLTATISKYNKATKTWTPLLHVIKTPCPPTQYVPLFLSGVFELNAGDELSLTVNKPEYLDFSNPGQNYFGILQL/KARALAFADPNATNALVWRCDLPGGVCSNGVKLEDNLLVIPESGLYLIYGSVTFTGTGCPVTLTATITRIHATTGESVTLLSAKVTPCTPWTQPLYLSGVFRLEKGDRLGCTVNRPEYLDKSGYGTNFFGILQL,0.7536,0.5048
6ooy,4,">T=0.1, sample=0, score=0.7707, seq_recovery=0.4783",SASTKPVAHVSADPAAKGSLVWRADAPNCLLHNGVKLENNQLVIPRDGYYRIYAQALFKMEGCPPGVTLTLTISVVSPDNPSPTTLLSTSENPCSTRYVPLFLSGVFYLKAGDRLSCTVNKPEYLYTDEPGLNYFGILEL/SSTKAAAHLSYDPNAVNDYKWVSDKPNCILKNGVKLENNEIVIPRSGLYRVYGQALFKTTGCTSSETLTATISLYRKKEQKRTPLLRAIETPCNPTRYVPLFLSGVFELEAGDRLSFTVNRPEYLDFSNPGQNYFGIIEL/KAKALVFADPNATNSLVWQCNLPGGVCQNGVQLVDNKLVIPRSGLYRVFGSVKFTGNGCPVTLEAKISKIKAKTGNEETLLYAKVTPCTPWTVPLFLEGVFELEKGDKLTFEVNKPEYLDLSGSGTNFFGIIEL,0.7707,0.4783
6ooy,4,">T=0.1, sample=0, score=0.7350, seq_recovery=0.5217",AASTRPVAHVVLDPAAKGALVWRADAPNALLHNGVELRDNQLVIPRPGLYFIYAQVLFKMEGCPPGVTLTLTISRVAPSDPSPVTLLSASASPCDVRFVPLYLGGVFELEAGDRLSCTVNRPEYLYNDEPGLNYFGILQL/ASTRAAAHLKADPNAKNALKWVSDAPNCLLRNGVTLENNRIVVPRSGLYFVYGQALFKLTGCTSDELLTATISLYRAATKEWTPLLRVIASPCPPERYVPLYLGGVFELNAGDELAFEVNKPEYLDFDEPGQNYFGILQL/RPKALAFADPNATNSLVWLCDLPGGVCTNGVELVDNKLVIPESGLYFIFGSVKFSGSGCPVTLTAKISKIDATTGKETTLLSAKATPCAPWTVPLYLGGVFELKKGDKLSSTVNKPEYLDLSGYGENFFGVLQL,0.735,0.5217
6ooy,4,">T=0.1, sample=0, score=0.7472, seq_recovery=0.4638",AASTRPRAHAVLDASAVGDDVWRVDAPGALLHNGVTLEDNQLVIPKPGLYRIYAQKTFKMEGCPPGVTLTLTISVVSPANPSPTVLLSTSMNPCDKRYVPLFLSGVFSLQAGDKLSCTVNKPEYLYNDEPGLNYFGILQL/ASTRAAAHLVADPNAKNAWVWKADAPFALLRNGVTLEDNALVVPRSGLYRVYAQALFKLTGCTSDVVLELTISLYRAATQEWRPLLKARMTPCPPTSYVPLFLSGVFELEAGDRLYATVNKPEYLDFSTPGQNYFGILEL/RARCLAFADPNATNSLTWLCNAPGGVCENGVTLENNKIVIPKSGLYRVYGSVLFTGTGCPVTLTATITKIHATTGNSEPLLSVTATPCTPWSVPLFLEGVFELQQGDQLSFTVNNPEYLDKSGSGTNYFGILEL,0.7472,0.4638
6ooy,4,">T=0.1, sample=0, score=0.7342, seq_recovery=0.4734",SSSSRPRAHVVADASAVGSLTWVADAPNALLQNGVTLENNQLVVPRDGLYRIYAQVTFKLTGCPPGVTLTLTISVVKPSNPTPTVLLSTSANPCDERFVPLFLEGVFYLQAGDRLSCTVNRPEYLYNDTPGRNYFGILQL/SSTKARAHAVADPNAKNEWKWVTDVPNAILANGIKLENNKLVVPRSGLYRVYAQALFKREGCESDLVIEVTISLYNKATQTWTPLLHQIATPCNETSYVPLFLEGVFELNAGDELSATVNKPELLDFSNPGQNYFGILQL/RPRALFFADPNATNSLTWLANLPGGVAENGVKLENNLLVIPRSGYYRVFGSVKFTGNGCPVVLEAKITRIHATTGNSENLLYAKVTPCAPWTVPLFLEGVFELEKGDRLGFTVNQPQYLDKSGYGTNFFGILQL,0.7342,0.4734
6ooy,4,">T=0.1, sample=0, score=0.7641, seq_recovery=0.4952",AASTKPVAHVTADASAKGALVWRADAPNALLHNGVRLEDNALVIPRPGLYRIYAQVTFKMTGCPSGVTLTLTISRVAPSDPTPKTLLSASVNPCNTRYVPLFLEGVFELEAGDRLSCTVNRPEYLDNSTPGRNYFGILEL/ASTKARAHLVADPNAVNSYKWISDAPFAILANGVTLENNELVIPRSGLYRVYAQALFKTTGCTSNETLTLTISKYTKATKTRTPLLHVVVSPCNNTKYVPLFLEGVFELNAGDRLSATVNNPSYLDFSEPGQNYFGILEL/KARCLAFADPNATNSLVWKCDLPGGVCENGVELKDNRIVIPRSGFYRVFGSVKFTGTGCNVTLTFKITKIHAKTGDERTLLSAKVTPCTPWTVPLFLEGVFELEEGDRLGCTVNNPEYLDKSGSGTTFFGILEL,0.7641,0.4952
6ooy,4,">T=0.1, sample=0, score=0.7688, seq_recovery=0.4879",GESTRPVAHVVLDPSAKGSDVWRADAPNALLHNGVTLENNQLVVPRDGLYHIYAQKLFKMEGCPPSVTLTLTISVVSPSNPEPKTLLSTSANPCGTRYVPLFLGGVFHLKAGDRLSCTVNKPEYLYNDEPGLNYFGILEL/ESTKAAAHAKADPNAVNALKWVTDVPNALLYNGVKLENNKIVIPRSGLYHVYSQVLFKTTGCTSGTTLTHTISKYKKAENKETPLLHAIASPCGSEKYVPLFLGGVFELEAGDELSSTVNNPQYLDFSKPGQNYFGIRQL/RARALAFVDPNASNALVWQCDLPGGVCVNGVELVDNQLVIPESGLYHVYGSVKFTGSGCSVTLEAEITRTHATTGNSETLLYTKVTPCEPWTVPLFLGGVFRLQKGDRLGLTVNQPQYLDKSGYGTTFFGIRQL,0.7688,0.4879
6ooy,4,">T=0.1, sample=0, score=0.7664, seq_recovery=0.4879",GASTKPVAHARLDPSAVGSWVWRADAPNALLANGVRLEDNALVVPRPGLYRIYAQALFKSTGCPPGVTLTLTISRVAPDDPTPRVLLSASANPCPERYVPLFLSGVFELRAGDRLYCTVNRPDLLYASEPGLNYFGIEQL/MSKKARAHLVLDPNAVNDLKWVSNAPNAILANGITLENNEIVVPKSGLYRVYAQVLFSLQGCSSSVVLEATISLYRKATQTRTPLLRAIATPCNPTRYVPLFLSGVFELEAGDRLSATVNNPQYLDFSKPGRNYFGIKQL/KPEALAFVDPNATNALVWKGDLPGGVLTNGVKLVDNKLVIPKSGYYRVYGSVVFTGSGCPVVLEAKITKIDATTGKETTLLYTRATPCAPWTVPLFLSGVFYLKKGDRLGFTVNQPQYLDKSGYGTNFFGIKQL,0.7664,0.4879
6ooy,4,">T=0.1, sample=0, score=0.7589, seq_recovery=0.4831",EESTKPRAHAVLDASAKGSWVLRVDAENALLHNGVKLENNALVVPKDGLYLIYAQATFKMTGCPPSVTLTLTISVVRPDNPKPEVLLSASANPCSTRYVPLFLSGVFYLKAGDRLYCTVNRPEYLDNSAPGRNYFGILQL/ESKKAAAHLVADPNAKNALVWRSDAPFALLHNGVRLENNKLVVPRSGLYLVFGQVLFSLQGCSSSTTLTATISKYSKAKQEWTPLLHVVATPCNPTRYVPLFLSGVFELEAGDELSFEVNKPEYLDFSEPGQNYFGILQL/KPECLAFADPNATNALKWLCDLPGGVCKNGVKLEDNKIVIPRSGLYLVFGSVLFTGNGCPVTLEAKISKIHAKTGEEKTLLYAKATPCTPWKVPLFLGGVFRLEKGDKLSFTVNNPEYLDKSGYGETFFGILQL,0.7589,0.4831
6ooy,4,">T=0.1, sample=0, score=0.7617, seq_recovery=0.4807",AASTRPVAHAVADPSAVGSLVWRADAPNALLHNGVTLEDNALVVPRPGLYEIYAQVTFKMTGCPSSVTLTVTISRVAPAAPAPTVLLSTSENPCDTKYVPLFLSGVFRLQAGDRLLCTVNQPQYLYNDEPGRNYFGIRQL/ASTRAAAHLSADPNAVNALKWVADAPFCILHNGVTLEDNQIVIPRSGLYEVYAQALFKTTGCSSDLTLELTISLYRKSLKEWTPLLKVIETPCPPTSYVPLFLSGVFELEAGDRLSATVNKPEYLDFSEPGQNYFGIRQL/RAEALAYVDPNATNALVWLCDAPGGVCRNGVQLVDNRLVIPASGLYEVFGSVLFTGSGCPVVLEAKITRIHATTGGEETLLSTKVTPCTPWSVPLFLSGVFELQQGDRLSCTVNQPQYLDKSGSGTNFFGIRQL,0.7617,0.4807
6ooy,4,">T=0.1, sample=0, score=0.7521, seq_recovery=0.4976",GASTKPRAHAVLDASAVGANVWRVDAPNALLANGVTLEDNQLVVPRDGLYEIYAQALFKMEGCPPGVTLTLTISRISPEDPTPKVLLSTSANPCSTRYVPLFLRGVFYLRAGDRLSCTVNRPEYLDNSAPGRNYFGIRQL/GSKKAAAHAVADPNAKNALKWVTDAPNALLHNGIKLENNQLIVPKSGLYEVFGQVLFKTQGCTGSLVLEAVISKYNKATNTWTPLLYARATPCPPTRYVPLFLRGVFELNAGDKLSFTVNRPEYLDFDEPGQNYFGIRQL/KPRALFRADPNASNALVWRCDLPGCVCENGVKLENNELVIPESGLYEIFGKVLFKGSGCPVVLEAKISKIHAKTGKKETLLYAKATPCPPWTVPLFLRGVFELEKGDKLSFEVNQPQYLDKSGYGENFFGIRQL,0.7521,0.4976
6ooy,5,">cleaned, score=1.4361, fixed_chains=[], designed_chains=['A', 'B', 'C'], model_name=vanilla—v_48_020",TPSDKPVAHVVANPQAEGQLQWLNRRANALLANGVELRDNQLVVPSEGLYLIYSQVLFKGQGCPSHVLLTHTISRIAVSYQTKVNLLSAIKSPCKPWYEPIYLGGVFQLEKGDRLSAEINRPDYLDFAESGQVYFGIIAL/PSDKPVAHVVANPQAEGQLQWLNRRANALLANGVELRDNQLVVPSEGLYLIYSQVLFKGQGCPSHVLLTHTISRIAVSYQTKVNLLSAIKSPCAKPWYEPIYLGGVFQLEKGDRLSAEINRPDYLDFAESGQVYFGIIAL/KPVAHVVANPQAEGQLQWLNRRANALLANGVELRDNQLVVPSEGLYLIYSQVLFKGQGCHVLLTHTISRIAVSYQTKVNLLSAIKSPCKPWYEPIYLGGVFQLEKGDRLSAEINRPDYLDFAESGQVYFGIIAL,1.4361,
6ooy,5,">T=0.1, sample=0, score=0.7720, seq_recovery=0.4903",AASTRARAHAVADPAAVGDLVWRTDAPNALLANGVTLEDNQLVVPKDGLYLIYAQVTFKLTGCPSNITLTLTISVVSPDNPSPTVLLSKSVNPCNTKYVPLFLSGVFYLKAGDKLSCTVNRPEYLYNDAPGLNYFGILQL/ASTRAAAHAKLDPNAKNELKWVTDAPNCLLHNGVKLENNELVVPKSGLYLVYAQALFKTTGCSSNTTLTLEISLYRKATKERTPLLRAIVTPCNPTKYVPLFLSGVFELEAGDRLSATVNNPQYLDFSTEGQNYFGILQL/RPRALFFADPNATNSLTWLADAPGGVAENGVKLEDNKLVIPRSGLYLVFAKVKFSGTGCPVTLTATISKIKADSGEEETLLSAKETPCAPWTVDLFLEGVFELEKGDKLSCTVNNPEYLDKSGSGTNFFGIEQL,0.772,0.4903
6ooy,5,">T=0.1, sample=0, score=0.7635, seq_recovery=0.4952",AASTRPRAHVYLDPSAVGSDVWQADTPNALLANGVTLENNQLVVPRDGYYRIYAQKTFKLTGCPPGVTLTLTISVTKPSNPSPEVLLSASENPCGERYQPIYLSGVFYLEAGDRLSCTVNRPEYLDNSTPGRNYFGILEL/ASTKPRAHLVADPNAKNEWKWLADAPNALLANGIKLENNEIVVPRSGLYRVYAQALFKTTGCTSGLTLTLTISLYRKETKEWTPLLHSVETPCNTEQYQPIYLSGVFELKAGDRLSATVNKPEYLDFSKPGMNYFGILQL/RARVLALADPNATNSLVWLCNLPGCVCENGVELVDNEIVIPESGLYRVYGKVKFTGSGCNVVLEFEITRTHAVTGEKETLLYAKVTPCTPWTQPIYLSGVFELEKGDRLSSTVNNPQYLDKSGSGENFFGVLQL,0.7635,0.4952
6ooy,5,">T=0.1, sample=0, score=0.7533, seq_recovery=0.5048",GESTKPVAHVVADPSAVGSLVWRADAPNALLHNGVRLENNQLVIPRDGLYLIYAQVTFRMEGCPPGVTLTLTISRVAPSNPSPTVLLSTSENPCGVRYVPLYLSGVFQLQAGDRLSCTVNRPELLDTSEPGRNYFGILQL/ESKKPRAHAKVDPNAKNAVKWVTDVPNAILHNGIKLENNKIVVPRSGLYLVYAQFLFKTQGCTSGTTLTATISLYNKATQKETPLLRVIETPCPPTHYVPLYLSGVFYLNAGDRLSATVNKPEYLDFDNDGQNYFGILRL/KPRALFFVDPNATNEMKWLCNLPGGVCENGVELVDNKLVIPESGYYLVYGKVVFTGSGCPVTLEYKITRIHATTGKEETLLYAKATPCTPWTVPLYLSGVFYLEKGDRLGSTVNNPEYLDKSGYGENFFGIERL,0.7533,0.5048
6ooy,5,">T=0.1, sample=0, score=0.7620, seq_recovery=0.4903",AASTRPVAHAVADPAAVGSLVWQADAPNALLHNGVRLEDNALVVPRDGLYLVYAQVTFKMEGCPPSVTLTLTISRVSPADPRPVVLLSTSENPCNTRYVPLFLSGVFYLQAGDRLSCTVNKPEYLDNSEPGLNYFGILQL/ASTKAAAFAKADPNAVNALKWVTDAPNCLLKNGITLENNKLVVPESGLYLVFGQVLFSVKGCSGNTILEATISLYDKAKKEETPLLKVRETPCDKEKYVPLFLSGVFYLNAGDELSFTVNNPQYLDFSEPGQNYFGILKL/KPRALAFVDPNSTNSLTWLCNLPGGVCENGVKLENNELVIPESGLYLVFGSVKFKGTGCDVVLEARISRIHAKTGDKVTLLSAKVTPCEPWTVPLFLSGVFELEKGDRLSFEVNNPQYLDKSGYGETFFGIRKL,0.762,0.4903
6ooy,5,">T=0.1, sample=0, score=0.7590, seq_recovery=0.4903",GESTKPRAHVVADPAAKGDLVWRADAPNALLHNGVKLEDNQLVIPKDGLYRIYAQVTFKMNGCPPGVTLTLTISVVKPSDPTPTVLLSTSVNPCDTRYVPLTLEGVFHLQAGDRLSCTVNRPEYLYNDEPGRNYFGILQL/ESKKARAHLKYDPNAANAYKWISDAPNCILHNGIKLEDNKIVVPRSGLYLVYAQALFKVTGCTSDLTLTLTISLYRKALNEETPLLKQIVTPCNPTKYVPLTLEGVFYLNEGDRLSATVNRPEYLDFSHPGQNYFGIVQL/KPKALAFADPNATNSLTWLCNLPGGVCTNGVKLEDNKLVIPESGYYLVFGSVLFTGTGCPVTLEARISRIHAETGEEETLLYAKATPCEPWTVPLTLEGVFELRKGDRLSCTVNQPQYLDKSGYGTTFFGVVQL,0.759,0.4903
6ooy,5,">T=0.1, sample=0, score=0.7476, seq_recovery=0.4879",GASTRPVAHVVADPAAVGALVWRADAPNALLANGVRLEDNALVIPRPGLYRIYAQVTFKMTGCPPNVTLTVTISRVAPSNPAPVTLLSTSANPCNERFVPLFLSGVFELEAGDRLYCTVNRPEYLYNDEPGRNYFGILQL/GSSRAAAHLVADPNAKNDLKWVADVPNAILHNGVKLEDNKIVIPRSGLYRVYAQFLFKTTGCTSNEVLTATISRYKKATKTETPLLTVRATPCNNTKYVPLFLSGVFELEAGDRLSATVNKPEYLDFSNPGQNYFGIEEL/RARCLAFADPNATNSLVWQCNLPGGVCENGVKLENNKIVIPKSGLYRIFGSVQFSGTGCNVTLTAKITKIHAKDGKEETLLYAKATPCAPWTVPLYLSGVFELEKGDKLGFTVNQPQYLDKSGYGTNYFGIEEL,0.7476,0.4879
6ooy,5,">T=0.1, sample=0, score=0.7487, seq_recovery=0.4952",MMSTRPAAHVVLDPSAKGSMVWRADAPNALLHNGVRLENNQLVVPRPGLYLIYAQVTFKMTGCPSSVTLTLTISVVRPSNPSPQVLLSSSANPCDEKYVPLFLGGVFELQAGDRLSCTVNKPEYLYNDQPGRNYFGILQL/MSTRAAAHLKADPNAVNSLKWVADVPNAILHNGVTLEDNAIVVPRSGLYLVYGQVLFKTKGCTSDTTLTVTISLYRASTQETTPLLHAIATPCNPEQYVPLFLGGVFRLEAGDRLYLTVNNPQYLDFSNDGQNYFGILEL/RARCLAFADPNATNALVWRCDAPGGVCENGVELVDNKLVVPRSGLYLVFGSVKFSGSGCPVTLEARISRIHATTGSEETLLYTKATPCTPWTVPLFLGGVFELEKGDRLSFTVNKPEYLDKSGYGDTFFGLLEL,0.7487,0.4952
6ooy,5,">T=0.1, sample=0, score=0.7580, seq_recovery=0.4952",SASTRPVAHAVLDAAAVGSDVWRADAPDALLHNGVRLEDNALVVPRPGLYRVYAQKTFRMTGCPAGVTLTLTISRVAPSNPAPETLLSASVNPCNEKYVPLFLSGVFELEAGDRLYATVNRPEYLDNSAPGRNYFGILQL/SSTKAAAHAVADPNAKNALKWITDAPFALLHNGITLEDNQLVVPRSGLYYVYAQALFKTTGCTSNLTITLTISRYRAATQTWTPLLHAVVSPCNSTSYVPLFLSGVFELQAGDRLAATVNNPELLDFSNPGQNYFGILQL/RPRCLAFVDPNATNALVWRCDLPGGVCENGVELKDNKLVIPESGLYYIFGQVTFKGTGCSVTLTAKITKIKATTGNSDNLLYAKATPCAPWTVPLFLGGVFELEKGDRLGFTVNRPEYLDKSGYGTNFFGILQL,0.758,0.4952
6ooy,5,">T=0.1, sample=0, score=0.7676, seq_recovery=0.4928",AASTRPRAHAKLDPAAVGADVWRADAPNALLANGVRLEDNQLVVPRPGLYFIYAQKTFKMTGCPPSVTLTLTISVVRPDNPAPQVLLSASENPCDTKYVPLYLSGVFELQAGDRLSCTVNRPEYLDNSAPGLNYFGILEL/ASTKARAHLSADPNAVNALKWVSDAPNCILHNGITLENNEIVVPRSGLYEVFGQVLFKGTGCTSDTVLEATISLYRKETQEWTPLLRVIETPCNKTWYVPLYLSGVFELQAGDRLSFTVNNPEYLDFSEPGQNYFGIRQL/RPRALAFADPNASNSLVWRCDLPGGVCENGVELVDNELVVPRSGLYEVFASVKFTGNGCNVVLEAKISKIDAVTGEKTTLLSAKVTPCTPWTVPLYLSGVFELKEGDRLSSEVNNPEYLDKSGYGTNFFGIRQL,0.7676,0.4928
6ooy,5,">T=0.1, sample=0, score=0.7576, seq_recovery=0.4734",KASTKPRAHAVLDASAVGSWVLQADAPNALLANGVRLEDNALVVPRDGLYRIYAQATFKLTGCPAGVTLTLTISRVSPADPRPRVLLSASANPCNERYVPLFLSGVFRLRAGDRLYCTVNRPEYLYNSAPGLNYFGIEQL/KSTKAAAHAKLDPNAKNAYKLITDAPFCLLHNGVKLEDNQIVIPRSGLYRVFGQALFKTQGCTSNTVLTATISLYNKATNTWTPLLRVIATPCNPTRYVPLFLSGVFELNAGDRLSFTVNNPQYLDFENDGQNYFGILEL/KARALARVDPNASNALVWVCDAPGCVCENGVELVDNKLVIPRSGLYRVFGSVVFSGSGCPVTLTAKISKIHAKTGKSETLLYAKVTPCTPWTVPLYLSGVFELEKGDRLSFEVNKPEYLDKSGSGENFFGILEL,0.7576,0.4734
6ooy,5,">T=0.1, sample=0, score=0.7428, seq_recovery=0.5362",GGSTRPAAHAVLDPAAKGSLVWRADAPNALLHNGVRLENNQLVVPRDGYYLIYAQATFKLTGCPSSITLTLTISRVAPSDPRPVTLLSSSANPCEEKYVPLYLGGVFYLQAGDRLSCTVNRPEYLDNSEPGLNYFGILQL/GSTRAAAHLVADPNAVNALKWLADVPNALLRNGVTLEDNQLVIPRSGLYLVYAQVLFKTTGCTSETILTATISLYRASTQTWTPLLSARATPCNPTRYVPLYLGGVFELEAGDRLSATVNNPQYLDFSTAGQNYFGILQL/RPAALAFADPNATNALVWKCDLPGGVCTNGVKLEDNKLVIPRSGLYLVFGSVLFTGSGCPVTLTATISKTAATTGTTTTLLSAKVTPCTPWTVPLYLGGVFELEQGDKLSFTVNNPQYLDKSGYGTTFFGILQL,0.7428,0.5362
6ooy,5,">T=0.1, sample=0, score=0.7423, seq_recovery=0.5169",AASTRPRAHVVLDPAAKGSNVWRADAPNALLANGVTLEDNQLVIPRDGLYLIYAQATFKMTGCPSSVTLTLTISVIRPSDPTPVTLLSASANPCSTRYVPLYLSGVFYLQAGDRLSATVNRPEYLDNSAPGRNYFGILQL/ASTKAAAHAKADKNAKNEWKWVTNVPNAILHNGVTLENNQLVVPKSGLYLVYAQALFKTKGCTSSITLELTISLYRKATKTWTPLLRSIATPCNPERYVPLYLSGVFELEAGDKLSATVNKPEYLDFSNDGQNYFGILQL/KPKALAFVDPNATNALVWLCDLPGGVCENGVELKNNKLVIPKSGLWLVYGSVLFSGTGCPVTLEAKISKKKATTGDTTNLLYSKATPCAPWTVPLYLGGVFELEKGDELSFEVNQPQYLDKSGSGTNYFGILQL,0.7423,0.5169
6ooy,5,">T=0.1, sample=0, score=0.7533, seq_recovery=0.4928",GGSTKPRAHASLDPSAKGSLVWQVDAPGSLLANGVTLEDNQLVVPRDGLYHIYAQVLFKMTGCPPSVTLTLTISRVAPSDPSPVVLLSSSENPCDTRYVPLFLSGVFYLQAGDKLSCTVNKPEYIYNDEPGRNYFGILQL/GSTKAAAHLVADPNAKNALKWLADVPDALLRNGVTLENNEIVVPRSGLYHVWAQVLFKRTGCTSDEVIEVTISLYRASTQTWTPLLRAIETPCAPTSYVPLFLEGVFELEAGDRLAATVNNPELLDFSQPGQNYFGILEL/KPRALFFADPNATNALVWRCDLPGGVCENGVKLEDNLIVIPRSGLYHVWGSVLFSGNGCPVTLEARITRIDAETGEERTLLSAKATPCSPWTVPLFLEGVFELRKGDRLGCTVNRPEYLDLSGYGETYFGVLEL,0.7533,0.4928
6ooy,5,">T=0.1, sample=0, score=0.7490, seq_recovery=0.5000",AASTRPVAHAVLDPAAKGSLVWRADAPNALLHNGVRLEDNQLVIPRDGLYRIYAQALFKMNGCPPNVTLTLTISRIAPDNPAPTVLLSSSENPCDTRYVPLYLEGVFYLKAGDRLSCTVNRPEYLYNDEPGRNYFGILQL/ASTKAAAHLKADPNAVNDLKWVSDAPNCLLHNGVTLENNEIVVPRSGLYRVYGQVLFKGTGCTSDVVLEATISKYSKAENKTTPLLKVIETPCTTTWYVPLYLEGVFELEAGDRLSFTVNNPQYLDFSNPGMNYFGILQL/KPRALARADPNATNELKWLCNLPGCVCTNGVKLEDNKLVIPQSGLWRIYGSVKFKGTGCTVTLTAKITRTKATTGDTETLLYAKVTPCSPWTVPLYLEGVFELQKGDKLGFTVNNPQYLDKSGYGTTFFGIEQL,0.749,0.5
6ooy,5,">T=0.1, sample=0, score=0.7547, seq_recovery=0.5000",AASTRPRAHAVLDPTAKGAWVWRADAPNALLANGVELRDNQLVVPRDGLYRIYAQALFKMEGCPPGVTLTLTISRVSPANPSPEVLLSASENPCGVRYVPLYLEGVFHLRAGDRLSCTVNKPEYLYNEEPGLNYFGILQL/ASTRARAHLVADPNAVNALVWRSDVPNALLHNGVTLVDNQLVVPRSGLYRVYGQALFKITGCTSGLTLELTISLTRAATQTTTPLLRVIETPCPPTWYVPLFLEGVFELQAGDRLSLTVNRPEYLDFSNPGQNTFGLLQL/RARALFTADPNATNSLVWVCDAPGCVCENGVELVDNKLVIPKSGLYRVYGSVLFTGSGCPVTLTAEITRIHATTGESETLLSAKVTPCPSWTVPLYLEGVFELQQGDKLGFTVNQPQYLDKSGSGTTFFGIEQL,0.7547,0.5
6ooy,6,">cleaned, score=1.4443, fixed_chains=[], designed_chains=['A', 'B', 'C'], model_name=vanilla—v_48_020",TPSDKPVAHVVANPQAEGQLQWLNRRANALLANGVELRDNQLVVPSEGLYLIYSQVLFKGQGCPSHVLLTHTISRIAVSYQTKVNLLSAIKSPCKPWYEPIYLGGVFQLEKGDRLSAEINRPDYLDFAESGQVYFGIIAL/PSDKPVAHVVANPQAEGQLQWLNRRANALLANGVELRDNQLVVPSEGLYLIYSQVLFKGQGCPSHVLLTHTISRIAVSYQTKVNLLSAIKSPCAKPWYEPIYLGGVFQLEKGDRLSAEINRPDYLDFAESGQVYFGIIAL/KPVAHVVANPQAEGQLQWLNRRANALLANGVELRDNQLVVPSEGLYLIYSQVLFKGQGCHVLLTHTISRIAVSYQTKVNLLSAIKSPCKPWYEPIYLGGVFQLEKGDRLSAEINRPDYLDFAESGQVYFGIIAL,1.4443,
6ooy,6,">T=0.1, sample=0, score=0.7554, seq_recovery=0.4879",GASTKPRAHAVLDPAAVGADVWRADAPNALLANGVRLEDNALVVPRPGLYFIYAQATFRMTGCPPGVTLTLTISRVSPANPAPTVLLSTEANPCSERYVPLFLSGVFYLEAGDRLRATVNRPEYLDNSEPGRNYFGILEL/MSTKAAAHLKADPNAKNAYKWISDAPNCLLTNGVKLENNQIVIPRSGLYLVYGQALFKITGCTSSLVLEAVISLYRKETNTWEPLLRVVATPCPPTRYVPLFLSGVFELNAGDRLSFTVNRPEYLDFSEPGQNYFGILEL/KPRALALADPNATNALVWKCDLPGCVCENGVELVDNKLVIPRSGLYLVYGKVRFTGTGCPVTLTVKISKIDATTGSETVLLSAKETPCAPWTVDLFLSGVFYLNKGDKLSLTVNKPEYLDKSGSGDTFFGIREL,0.7554,0.4879
6ooy,6,">T=0.1, sample=0, score=0.7667, seq_recovery=0.4903",AESTAPRAHAVLDPAAVGANVWVVDAPNALLHNGVELRDNALVVPRAGLYRVYAQVTFKMEGCPPNVTLTATISVVRPDDPSPTVLLSASKNPCDVRYVPLFLSGVFELQAGDRLYATVNRPEYLDNSQPGLNYFGILQL/ASTKARAHAKADPNAKNALKWITDAPHCILANGIKLENNQLIVPKSGLYRVYGQVLFKGEGCSSDLVIEATISLYRKSTKTWTPLLTARKTPCNPTWYVPLFLEGVFELEAGDRLSFTVNKPELLDFSEPGQNYFGILQL/AARCLAFADPNASNSLTWLCDLPGGVCENGVKLEDNKLVIPESGYYRVYGQVLFTGSGCPVVLEAKISKIDAETGEEETLLYAKVTPCPSWTVPLFLEGVFELKKGDRLSFEVNRPEYLDLSGYGTTFFGIRQL,0.7667,0.4903
6ooy,6,">T=0.1, sample=0, score=0.7530, seq_recovery=0.4903",EESTKPRAHVVLDAAAVGANVWRADAPNALLHNGVRLEDNQLVIPRDGLYRIYAQALFRMTGCPPGVTLTLTISRIAPANPEPEVLLSASADPCGERYVPLFLSGVFYLQAGDRLSCTVNRPELLDNSSPGRNYFGILEL/ESTKARAHAKADPNAVNAWKWITDAPFCLLHNGVTLEDNQLVIPRSGLYLVYAQALFSLTGCTGGTTLTLTISLYRKATKTWTPLLRVIHTPCGGTSYVPLFLSGVFELEAGDRLAATVNRPEYLDFSEPGQNYFGIEQL/KPRALAFVDPNATNSLVWKCDLPGGVCENGVELVDNKLVIPRSGLYLIYGQVKFTGTGCGVTLTAKITKIKATTGEEHTLLYAKVTPCAPWTVPLFLEGVFELEEGDRLGFTVNNPQYLDKSGYGTTFFGVEQL,0.753,0.4903
6ooy,6,">T=0.1, sample=0, score=0.7605, seq_recovery=0.5024",MASTKPRAHVSADPSAVGALVWQADAPGALLHNGVTLENNQLVVPKDGLYFIYAQATFRMEGCPPGVTLTLTISKISPDNPSPTVLLSSSANPCGERYVPLYLSGVFYLKAGDRLSCTVNRPEYLDNSEPGRNYFGILQL/MSTKAAAHLKADPNAKNAFKWVSDVPNALLHNGVRLEDNKIVVPRSGLYLVYGQVLFKTTGCTSGLELEATISLYRAALQEWRPLLTARATPCGGTRYVPLYLSGVFELQAGDRLSFEVNRPEYLDFSKPGQNYFGILQL/KARALAFADPNATNSLVWKCDLPGGVCENGVKLEDNKLVIPKSGLYLVYGKVVFTGSGCGVTLEARISRIKAKTGTEETLLYAKATPCTPWTVPLYLSGVFELEQGDKLSFEVNKPEYLDKSGYGETFFGILQL,0.7605,0.5024
6ooy,6,">T=0.1, sample=0, score=0.7525, seq_recovery=0.5024",GASTRPVAHVVADAAAVGSLVWRADAPNALLHNGVQLVDNQLVVPKDGLYFVYAQVLFRMTGCPPGVTLTLTISVVKPSNPSPTTLLSTSANPCDERYTPLFLGGVFYLQAGDKLSCTVNRPEYLYRDEPGLNYFGILQL/SSTKAAAHASADPNAANALKWVTDAPNCLLHNGVTLEDNQIVVPRSGLYLVYGQVLFKGTGCTGDLVLEATISLYRKKEKKWTPLLTARATPCGGEWYTPLFLGGVFELEAGDRLSFTVNRPEYLDFDEPGQNYFGILQL/RPSCLAYADPNATNSLVWKCDLPGGVCTNGVKLEDNKIVIPKSGLYLVYGSVTFTGTGCGVVLTAKISKIDATTGKSTTLLYAKVTPCTPWTQPLFLGGVFELNKGDKLTFEVNRPEYLDKSGYGTNFFGILQL,0.7525,0.5024
6ooy,6,">T=0.1, sample=0, score=0.7642, seq_recovery=0.5121",AASTAPVAHVVADASAKGALVWRADAPNALLHNGVQLVDNQLVVPRDGLYLIYAQVTFKMTGCPPSVTLTLTISRISPAAPAPVVLLSTSANPCNERYVPLYLSGVFHLQAGDRLSCTVNRPEYIDNSEPGRNYFGILQL/ASTKARAHAVADPNAANALVWVTDVPNALLANGVTLEDNQLVVPRSGLYLVYAQALFSIQGCTSNLELTLTISRYRAATQTWTPLLTVKASPCSPTRYVPLYLSGVFELQAGDRLSATVNRPELLDFSNPGQNYFGLLEL/AARALAFADPNATNSLKWLLDLPGGVGENGVELVDNKLVIPRSGYYLVFGKVKFTGNGCPVLLEAKITKEKATTGNEETLLYAVATPCTPWTVPLYLSGVFELQQGDRLGCTVNKPEYLDKSGYGENFFGVLEL,0.7642,0.5121
6ooy,6,">T=0.1, sample=0, score=0.7551, seq_recovery=0.5048",AASTKPRAHAVLDPSAVGANVWRADAPNALLHNGVRLEDNQLVVPRPGLYRIYAQALFRMTGCPAGVTLTLTISRVAPSDPTPKVLLSSSANPCDERYVPLFLEGVFELEAGDRLSCTVNRPEYLDNSEPGRNYFGILQL/ASTKARAHAVYDPNAKNALVWKTDVPYALLHNGVTLKNNKIVVPKSGLYRVYAQALFKGEGCESDLTLELVISRYKKSTKEWTPLLRQIATPCAETWYVPLFLEGVFELEAGDELSAEVNKPEYLDFDEPGMNYFGILQL/KARALLFADPNATNSLVWLCDLPGGVCSNGVKLEDNLLVIPRSGLYRVYGSVLFTGSGCPVTLEAKISKIDAVTGESKNLLYAKVTPCSPWTVPLFLEGVFELQKGDRLAFTVNNPQYLDKSGYGENFFGILQL,0.7551,0.5048
6ooy,6,">T=0.1, sample=0, score=0.7661, seq_recovery=0.4758",GASTRPRAHAVLDPSAKGANVWRADAPNALLHNGVRLEDNALVIPRDGLYLVYAQATFKLEGCPPSVTLTLTISVVRPDDPSPTVLLSTSKNPCSVKYVPLYLSGVFYLRAGDRLYATVNKPEYLYNDEPGLNYFGILQL/GSTKAAAHLKYDPNAKNALKWVSDVPNALLHNGITLKNNKIVVPRSGLYLVYAQVLFKTTGCTSSEVLTATISLRRKALNEERPLLKQRVTPCPPERYVPLFLSGVFELEAGDELSATVNRPEYLDFSEDGQNYFGILQL/RAKALAFADPNASNSLVWLCDLPGGVCSNGVKLEDNKLVIPKSGLYLVYGKVLFTGSGCPVVLEAKITKIKAKDGKEETLLYSKVTPCTPWSVPLYLSGVFELEKGDKLGFEVNNPQYLDKSGYGENFFGVRQL,0.7661,0.4758
6ooy,6,">T=0.1, sample=0, score=0.7576, seq_recovery=0.4831",GGSTRPRAHAVADPAAKGSLVWQADAPNALLANGVKLENNQLVVPKDGYYFIYAQVTFRLEGCPPSVTLTLTISRVSPDNPKPEVLLSSSADPCDERYVPLYLSGVFYLKAGDRLSCTVNRPEYLDNSEPGRNYFGILQL/GSTKAAAHLVADPNAKNALKWLADVPNALLHNGVRLENNQLVVPRSGLYEVYGQVLFKLTGCTGDEVLEVTISLYRKETNEWTPLLHVRHTPCPPTLYVPLYLSGVFYLNAGDRLSLTVNKPEYLDFSNPGQNYFGILQL/KAKALFFVDPNATNSLVWKCDLPGGVCENGVKLENNKLVIPESGLYEVFGSVKFTGSGCPVTLEAEITKIHATTGNSETLLYAKATPCTPWTVPLYLSGVFELEKGDQLSFTVNNPQYLDKSGYGENFFGIRQL,0.7576,0.4831
6ooy,6,">T=0.1, sample=0, score=0.7511, seq_recovery=0.5000",GESTKPRAHVVLDPAAKGANVWRADAPFALLHNGVKLENNALVVPKDGLYRIYAQALFKMEGCPPSVTLTLTISVVKPSNPSPTVLLSASETPCSKRYVPLFLEGVFYLQAGDRLYCTVNRPEYLYNDEPGRNYFGILQL/ESTKAAAHLKADPNAVNALKWVADVPNAILHNGVTLENNQIVIPKSGLYRVFAQVLFKTTGCTSSLTLTATISLYRKSTKEWRPLLKVIETPCNNTSYVPLFLEGVFELEAGDRLSATVNNPSYLDFDNDGQNYFGIIQL/KPRALVTADPNASNSLTWVCNAPGCVCENGVTLTDNQLVIPRSGLYRIFGKVKFTGSGCNVTLTATISKIDATTGDSTTLLSAKATPCTPWTVPLFLEGVFRLNQGDRLSCTVNNPQYLDKSGSGENFFGIIQL,0.7511,0.5
6ooy,6,">T=0.1, sample=0, score=0.7702, seq_recovery=0.4831",GASTRPRAHAVADASAVGALVWRADAPNALLANGVRLEDNQLVIPRPGLYRIYAQVTFKLSGCPSSVTLTVTISRVSPANPAPTTLLSASKNPCNTKYVPLFLSGVFRLEAGDRLSCTVNRPDYIDNSEPGRNYFGIEEL/GSTRAAAHLKADPNAVNSLTWVSNVPNALLHNGVTLENNQLVIPRSGLYRVFGQALFKTTGCTSNLVIEATISLYRKAEQKTTPLLKAIKTPCNTTKYVPLFLSGVFELQAGDRLSFTVNNPSLLDFSEPGQNYFGIEQL/RARCLAFADPNATNALVWRCDLPGGVCENGVELKDNLIVIPRSGLYRIFGSVLFTGSGCNVVLEYKITKKDATTGKETVLLSAKVTPCEPWKVPLFLEGVFELKKGDKLGSTVNKPEYLDLSGSGENFFGVEQL,0.7702,0.4831
6ooy,6,">T=0.1, sample=0, score=0.7398, seq_recovery=0.5266",GASTKPRAHVVADPSAVGSLVWRADAPNALLANGVTLEDNQLVVPRPGLYRIYAQATFKMEGCPAGVTLTLTISRVAPSDPSPTVLLSTSVDPCSTRYVPLYLSGVFELEAGDRLSATVNRPEYLYNDEPGLNYFGILQL/GSTKAAAHLVADPNAKNALKWLSNVPNAILTNGVQLVNNQIVIPRSGLYLVYAQVLFKLTGCTSSTTLTATISRYNAATQTTTPLLRVIVTPCSSTSYVPLYLSGVFYLNAGDRLSATVNKPEYLDFDNPGQNYFGILQL/KPKALAFADPNATNALVWKCDLPGGVCENGVKLEDNKLVIPESGLYLVYGSVLFTGSGCSVVLEAKITKIDAETGKETTLLYAKATPCTPWTVPLYLSGVFELKKGDKLSCTVNNPQYLDKSGYGTTYFGIEQL,0.7398,0.5266
6ooy,6,">T=0.1, sample=0, score=0.7356, seq_recovery=0.4976",AASTKPVAHAVLDPAAVGDNVWRVDAPGALLANGVRLEDNALVVPRPGYYRIYAQATFKMSGCPPNVTLTLTISRVSPADPRPRVLLSASENPCNTRYVPLFLEGVFYLEAGDRLYCTVNRPEYLYNDEPGRNYFGIEQL/ASTKAAAHLVADPNAKNDYKWISNAPNAILHNGVELVDNAIVVPRSGLYRVYAQALFKTTGCTSNEILTLTISLYRKSLDTETPLLTAIETPCNETKYVPLFLEGVFELEAGDRLFATVNKPEYLDFSNPGQNYFGILQL/KPRALAFADPNATNALVWQCNLPGGVCSNGVKLENNQLVIPESGLYRVYGSVVFTGTGCNVTLTAKITKIDATTGTSTTLLYAKVTPCTPWTVPLFLEGVFELEKGDKLSFTVNRPEYLDLSGYGTNFFGILQL,0.7356,0.4976
6ooy,6,">T=0.1, sample=0, score=0.7484, seq_recovery=0.4807",AASTAPVAHVVLDPAAVGADVWRADAPNALLHNGVTLENNQLVVPRDGYYFIYAQKTFRMTGCPAGVTLTLTISRVSPDNPSPVVLLSRSEDPCGTVYVPLFLSGVFYLKAGDKLSCTVNRPDLLDNSAPGLNYFGILEL/ASTKAAAHLVADPNAVNAYVWKADAPNALLKNGITLEDNKIVVPRSGLYLVYAQALFKGTGCSSGVTLTLTISKYRKATKTWTPLLRVVETPCPPTWYVPLFLSGVFELEAGDKLSATVNNPQYLDFSKPGQNYFGILQL/APKCLAFADPNATNALVWKCDLPGGVCENGVKLEDNKIVIPESGLYLVFGSALFTGSGCPVVLEVAITKEDAETGKTETLLSARETPCAPWRVPLFLGGVFELKKGDRLSFTVNQPQYLDKSGYGETFFGILQL,0.7484,0.4807
6ooy,6,">T=0.1, sample=0, score=0.7776, seq_recovery=0.4952",AASTRPVAHASLDPSAVGSWVWRADAPNCLLHNGVTLENNQLVVPRAGLYHIYAQALFKMEGCPESVTLTLTISVVKPSSPSPTTLLSTSKNPCSTKYVPLFLGGIFELQAGDRLSCTVNKPEYLYTSEPGLNYFGILQL/ASTKAAAHLVADPNAKNELKWIADAPNALLKNGITLEDNQIVVPRSGLYLVFAQALFKTQGCTSSTTLTLTISLYRKSTQTWEPLLKVIKTPCNPTSYVPLFLGGVFELEAGDRLAAEVNNPQYLDFSQPGQNYFGIVQL/RARALAFVDPNATNALVWKCDLPGGVCENGVELVDNKLVIPESGLYLVFGSVLFTGSGCPVTLEAKITKISATTGEEVTLLYAKATPCTSWTVPLFLGGVFELQKGDKLSFTVNQPQYLDKSGYGTNFFGIVQL,0.7776,0.4952
6ooy,7,">cleaned, score=1.4710, fixed_chains=[], designed_chains=['A', 'B', 'C'], model_name=vanilla—v_48_020",TPSDKPVAHVVANPQAEGQLQWLNRRANALLANGVELRDNQLVVPSEGLYLIYSQVLFKGQGCPSHVLLTHTISRIAVSYQTKVNLLSAIKSPCKPWYEPIYLGGVFQLEKGDRLSAEINRPDYLDFAESGQVYFGIIAL/PSDKPVAHVVANPQAEGQLQWLNRRANALLANGVELRDNQLVVPSEGLYLIYSQVLFKGQGCPSHVLLTHTISRIAVSYQTKVNLLSAIKSPCAKPWYEPIYLGGVFQLEKGDRLSAEINRPDYLDFAESGQVYFGIIAL/KPVAHVVANPQAEGQLQWLNRRANALLANGVELRDNQLVVPSEGLYLIYSQVLFKGQGCHVLLTHTISRIAVSYQTKVNLLSAIKSPCKPWYEPIYLGGVFQLEKGDRLSAEINRPDYLDFAESGQVYFGIIAL,1.471,
6ooy,7,">T=0.1, sample=0, score=0.7486, seq_recovery=0.5024",GASTRPRAHVVLDPAAVGSLVWRADAPNALLANGVTLEDNQLVVPRDGLYLVYAQVTFKMTGCPPSVTLTLTISRVSPAAPAPVTLLSASANPCDTRYVPLYLSGVFHLRAGDRLSCTVNRPEYIYNDEPGRNYFGILEL/GSTKAAAHLVADPNAVNDWKWLSDVPNAILKNGVKLEDNKIVIPKSGLYLVYAQALFKTKGCTSDEVITVTISLYKKAEQKETPLLKAIATPCNPERYVPLYLSGVFELNAGDKLSATVNNPELLDFSNPGQNYFGILQL/RPRALLFADPNATNELKWLADLPGGVAENGVELKDNKLVIPRSGLYLVFGKVVFTGNGCPVVLEARITKIKAKDGTEETLLYAKVTPCEPWTVPLYLSGVFELEEGDKLGFTVNRPDYLDKSGYGETFFGILQL,0.7486,0.5024
6ooy,7,">T=0.1, sample=0, score=0.7674, seq_recovery=0.4976",GASTKPRAHAVLDPAAVGADVWRADAPNALLSNGVTLEDNKLVVPKDGLYFIYAQVTFKMEGCPPSVTLTVTISVVSPDNPSPTVLLSDSENPCNTRYVPLYLGGVFYLKAGDKLSCTVNRPEYLDNSAPGRNYFGILQL/SSTKAAAHAKLDPNAVNSYKWVTDAPNCLLHNGVTLENNQLVVPRSGLYYVYAQALFKTTGCTSNETVTLTVSRYRRALQEWTPLLQVVETPCNKERYVPLYLGGVFELEAGDRLSATVNKPEYLDFDNDGQNYFGILQL/KPKALAFANPNATNSLEWLCDLPGGVCTNGVELVDNKLVIPQSGLYYVYGSVKFTGTGCDVVLEAKITKEHATTGKKETLLYAKVTPCTPWTVPLYLGGVFELQKGDRLGCEVNKPEYLDKSGYGTTFFGIEQL,0.7674,0.4976
6ooy,7,">T=0.1, sample=0, score=0.7418, seq_recovery=0.5169",AASTRPRAHVVADPSAVGALVWRADAPNALLANGVTLEDNALVVPRPGLYLIYAQVLFKLTGCPPSVTLTLTISVVRPSNPEPKTLLSASANPCNERYVPLFLGGVFYLEAGDRLFCTVNRPEYLYNDEPGRNYFGILQL/ASTRAAAHLVADPNAKNALVWKADAPNAILHNGVTLEDNKLVVPRSGLYLVYGQVLFKTKGCTSNLVLEATISLYRAATQTETPLLKVIATPCNETQYVPLFLGGVFELQAGDRLSFTVNKPEYLDFSNPGQNYFGILQL/RPEALAFVDPNASNALVWKCNLPGGVCKNGVKLEDNKLVIPKSGLYLIYGSVKFTGNGCPVTLEAKISKIDAKTGKKETLLYAKVTPCTPWTVPLFLGGIFELEKGDKLSCEVNKPEYLDKSGSGTTYFGIKQV,0.7418,0.5169
6ooy,7,">T=0.1, sample=0, score=0.7775, seq_recovery=0.4928",AASTRPRATAYADPSAVGSLVWVTDAPFALLANGVRLENNQLVIPRDGLYLIYAQATFKLDGCPPSVTLTLTISVVRPSNPSPETLLSTSANPCNTRYVPLFLSGVFYLQAGDRLSCTVNRPEYLDLSEPGRNYFGILEL/ASTKPRAHLVADPNAVNAWKWLSDVPNAILANGVTLENNQIVIPRSGYYLVYAQALFKTKGCTSNLVITLTISLYRKSTNEWTPLLTAIATPCDPERYVPLFLSGVFYLEAGDRLSATVNNPELLDFSEPGQNYFGILQL/RARALFYADPNSTNSLVWKCDLPGCVCENGVELKDNKIVIPKSGYYLIYGSVLFTGSGCPVTLKVEITKIKATTGESVTLLSAKVTPCTPWSQPLFLSGVFELEKGDRLSCTVNNPQYLDKSGYGTTFFGIRQL,0.7775,0.4928
6ooy,7,">T=0.1, sample=0, score=0.7494, seq_recovery=0.4903",AASTAPVAHAVLDPAAVGANVWVTDAPNALLANGVTLEDNQLVVPKAGLYRIYAQATFKMTGCPSSVTLTLTISRTSPASPTPTTLLSTSENPCNTKYVPLFLSGVFELQAGDKLSCTVNRPEYLDNSQPGRNYFGILQL/ASTKAAAHAKADPNATNSLKWITDAPNCLLHNGITLENNELVVPKSGLYLVYGQVLFKQTGCSSNTTLTATISKYNKATQTWTPLLYAIETPCNPTWYVPLFLSGVFELNAGDRLSFTVNNPQYLDFSNPGMNYFGILQL/AARCLAFADPNASNSLVWRCDLPGGVCENGVRLEDNQIVIPRSGLYLVYGSVRFKGSGCPVTLTATITRIHATTGESETLLHAKETPCTPWTRPLFLSGVFELQEGDRLGFTVNQPQYLDLSGYGDTFFGVLQL,0.7494,0.4903
6ooy,7,">T=0.1, sample=0, score=0.7695, seq_recovery=0.4903",AASTKPCAHASADPSAKGSLVWRVDAPGCLLHNGVKLENNKIVIPKAGLYRIYAQATFKMTGCPPGVTLTLTISRIAKSNPTPTTLLSTSANPCSTTYVPLYLSGVFNLEAGDELSCTVNKPEYLDNSTPGTNYFGILQL/ASTKPAAHARADPNAVNALKWVTDVPNAILHNGITLENNQLVVPRSGLYRVYGQVLFKQTGCSSSTTLTVTISRYDAATQTWTPLLKSIASPCGSTSYVPLFLSGVFELNAGDKLSLTVNKPEYLDFDNPGQNYFGILQL/KASCLAFADPNASNSLVWKCDLPGGICTNGVELKDNKIVIPESGLYRVYGQVLFTGSGCSVTLEAKITKIHAKTGKEETLLYAKQTPCSPWSVPLYLEGVFELEKGDRLGFTVNRPEYLDKSGYGTTFFGVRQL,0.7695,0.4903
6ooy,7,">T=0.1, sample=0, score=0.7801, seq_recovery=0.4952",GASTKPRAHASWDPAAKGSLVWRVDAPNCLLSNGVKLENNQLVVPKPGYYFIYAQVTFKLTGCPPGVTLTLTISVVKPSNPTPETLLSDSVNPCSEKYVPLFLSGVFYLEAGDKLSCTVNRPEYIDNSEPGLNYFGILQL/GSKKAAAHLKADPNAVNALKWVSDAPNCLLHNGITLENNEIVIPKSGLYLVYGQALFKTTGCSSSLTLEATISLYRKSTQERTPLLRVIVSPCSPTRYVPLFLSGVFELEAGDRLSFTVNRPEYLDFSHEGQNYFGVLQL/KPRALFFVDPNASNALVWLADLPGGVAVNGVELVDNKLVIPRSGLYLVYGQVLFTGSGCPVVLEARISRIHAVTGEEETLLYAKVTPCEPWRVPLFLSGVFELEKGDRLSCTVNQPQYLDKSGYGENFFGIEQL,0.7801,0.4952
6ooy,7,">T=0.1, sample=0, score=0.7693, seq_recovery=0.5000",AASTKPRAHVVADPAAKGALVWRADAPNALLHNGVRLEDNQLVIPRPGYYLIYAQATFRLEGCPPGVTLTLTISRISPSNPSPTVLLSRSADPCSVRYLPLFLSGVFYLQAGDRLSCTVNRPEYLDNSAPGRNYFGILEL/ASTKAAAHLSADPNAVNSLKWVANVPNCLLRNGVTLENNQLVVPRSGLYLVYAQVLFKRTGCTSSLTVTATISLYRKSTQTWTPLLHAVATPCPPTSYLPLFLSGVFELEAGDRLSATVNRPELLDFDKPGQNYFGILQL/KARCLAYADPNATNALVWLCNLPGGVCENGVKLENNELVIPESGLYLVYGKVLFTGSGCPVVLEAEITKTHATTGGSETLLYAKVTPCSPWELPLFLSGVFELQKGDRLSCTVNNPQYLDKSGYGENFFGIRQL,0.7693,0.5
6ooy,7,">T=0.1, sample=0, score=0.7660, seq_recovery=0.4903",AESTRPRAHVSADPSAVGALVWRADAPNCLLHNGVTLEDNQLVVPRDGLYHVYAQVTFKMDGCPSSVTLTLTISVVKPSDPTPTTLLSTSENPCNTKYVPLFLEGVFHLEAGDRLSCTVNRPEYLYNDEPGLNYFGILQL/ASTRAAAHLRADPNAVNALKWVSDVPNALLRNGITLEDNQIVVPRSGLYHVYGQVLFKGTGCTSNTVLEAVISKYRKKTKTWTPLLKVRETPCNPEWYVPLFLEGVFRLEAGDRLSFTVNNPQYLDFSEPGQNYFGILEL/RPRALAFVDPNATNALVWRTDLPGGVASNGVRLEDNRLVIPRSGLYHVYGKALFTGTGCPVVLEVKITRIHAETGEEETLLYAKVTPCTPWKVPLFLEGVFELEEGDRLGFEVNKPEYLDKSGYGENYFGVLEL,0.766,0.4903
6ooy,7,">T=0.1, sample=0, score=0.7643, seq_recovery=0.5072",GASTRPRAHVVADPSAVGALVWRADAPNALLANGVTLRDNQLVVPRPGLYRIYAQALFKQEGCPPSVTLTLTISRVAPSDPAPVTLLSASENPCSTRYVPLFLEGVFELEAGDRLSATVNRPELLYNSAPGLNYFGILQL/GSTRAAAHLVADPNAVNSYKWLADVPNALLRNGIQLVDNKLVIPRSGLYRVYAQALFKTTGCSSSEVLELTISLTRAATQTTTPLLHVIETPCNPVRYVPLFLEGVFELQAGDRLSATVNNPQYLDFSNPGQNYFGVLQL/RPRALAFADPNATNTLKWLCNLPGGVCENGVTLEDNRLVIPESGLYHVYGSVTFSGTGCPVVLEARISRIHAKTGKEETLLYAKVTPCEPWTVPLFLEGVFELEKGDRLSFTVNNPQYLDKSGYGTNFFGVRQL,0.7643,0.5072
6ooy,7,">T=0.1, sample=0, score=0.7526, seq_recovery=0.4589",EPSTKPRAHAVLDASAVGSVVWRADAPNALLANGVTLENNQLVVPKDGYYFIYAQATFKMEGCPPGVTLTLTISRVSPANPSPVTLLSASANPCATRYVPLFLSGVFYLQAGDKLSCTVNRPEYLDNSEPGRNYFGILQL/ESKKAAAHARYDPNATNSYKWVTDAPNCILHNGVKLENNKIVIPKSGYYFVYAQALFKTTGCSSALVLELTISKYNKKEKKWTPLLKAIATPCSPTRYVPLFLSGVFYLEAGDELSATVNNPSYLDFDEPGQNYFGILQL/KAKCLAFVDPNATNSLVWKCDLPGGVCENGVKLEDNKLVIPKSGLYFVYGSVLFTGSGCPVTLEAKITKEKADTGDEETLLYAKVTPCAPWKVPLFLSGVFELKKGDKLGFTVNNPQYLDKSGYGENFFGILQL,0.7526,0.4589
6ooy,7,">T=0.1, sample=0, score=0.7406, seq_recovery=0.5121",GASTKPRAHVVADPSAKGALVWRADAPNALLHNGVTLEDNRLVVPRPGLYYVYAQVTFKLTGCPAGVTLTVTISVVRPSAPAPTVLLSASANPCNEVYVPLYLGGVFELQAGDRLSCTVNKPEYLYNDEPGLNYFGILQL/MSTKAAAHLVADPNAKNALKWLSDAPNALLTNGVKLEDNKLVIPKSGLYYVYGQALFKTTGCTSNLVLEVTISLYRKSTKKWEPLLKARATPCNPTSYVPLYLGGVFELEAGDELSFTVNKPEYLDFSEPGQNYFGILQL/KPEALALADPNASNSLVWRCDLPGGVCRNGVELVDNKLVIPESGLYYVYGSVLFSGSGCPVTLEYKITKEDATTGNETTLLSAKETPCEPWSVPLYLGGVFYLQKGDRLGSTVNQPQYLDLSGSGETFFGIRQL,0.7406,0.5121
6ooy,7,">T=0.1, sample=0, score=0.7645, seq_recovery=0.5000",MPSTRPRAHAVADPTAKGALVWRADAPNALLSNGVRLEDNQLVVPRPGLYRIYAQVTFKMKGCPPSVTLTLTISRVSPANPSPTVLLSTSKNPCDERYVPLFLEGVFELEAGDRLSCTVNRPEYIDNSEPGRNYFGIEEL/MSTKARAHLKADPNATNALKWVADAPNAILANGITLENNKIVVPKSGLYRVYAQVLFKTTGCTSDTVLEATISKYSKAKNETVPLLKAIETPCSSERYVPLFLEGVFELEAGDELSATVNNPQYLDFSEDGMNYFGILQL/RPRALFFADPNATNALVWKCNLPGGVCTNGVTLEDNKLVIPQSGYYRIYGSVLFTGTGCSVVLEARITKIDAKTGDSKTLLSAKVTPCTPWSVPLFLEGVFYLNKGDKLGCEVNKPEYLDLSGSGTTYFGILQL,0.7645,0.5
6ooy,7,">T=0.1, sample=0, score=0.7807, seq_recovery=0.4734",AESTRPRAHAYLDPSAVGSNVWRVDAPGALLHNGVTLRNNKLVVPRDGLYHIYAQVTFRMEGCPPSVTLTVTISRISPDDPSPKVLLSTSKNPCNVRYVPLFLSGVFYLKAGDELSCTVNRPEYLDNSEPGLNYFGILQL/ASTKAAAHLKADPNAKNELKWVSDAPFCLLKNGVTLENNQIVVPRSGLYHVYAQALFKTTGCSGNLELEVTISLYRAATKEWRPLLKARYTPCNSTRYVPLFLSGVFYLEAGDRLSAEVNKPEYLDFENPGQNYFGILEL/RPRALAFADPNATNALVWLCNLPGGVCSNGVELVDNKLVIPRSGLYHVFGSVLFTGSGCNVVLEAKITRIDAETGEEKILLYAKETPCTPWSVPLFLEGVFELKAGDRLGCTVNQPQYLDKSGYGETFFGILEL,0.7807,0.4734
6ooy,7,">T=0.1, sample=0, score=0.7770, seq_recovery=0.4903",GASTKPRAHAVADPAAKGDLVWVTDAPFALLHNGVKLEDNQLVIPRPGYYLIYAQVLFKMEGCPPSVTLTVTISVVRPSNPSPEVLLSASENPCNTRYVPLFLSGVFYLEAGDRLSCTVNRPEYLDNSVPGRNYFGILQL/MSKKARAHLRLDPNAKNAYKWVADAPNCILANGVKLENNEIVVPKSGLYLVYGQVLFKITGCTSNLTLEATISVYRKSTKTWTPLLHVIETPCNTTRYVPLFLSGVFELEAGDRLSFTVNKPEYLDFSEPGQNYFGILKL/KPRCLAFADPNATNSLVWLCNLPGGVCENGVELVDNKIVIPESGYYLIYGSVTFSGTGCTVTLEYKITKIKATSGEETTLLYAKETPCSPWTVPLFLSGVFELEKGDKLGSTVNQPQYLDKSGQGTNFFGILKI,0.777,0.4903
6ooy,8,">cleaned, score=1.4508, fixed_chains=[], designed_chains=['A', 'B', 'C'], model_name=vanilla—v_48_020",TPSDKPVAHVVANPQAEGQLQWLNRRANALLANGVELRDNQLVVPSEGLYLIYSQVLFKGQGCPSHVLLTHTISRIAVSYQTKVNLLSAIKSPCKPWYEPIYLGGVFQLEKGDRLSAEINRPDYLDFAESGQVYFGIIAL/PSDKPVAHVVANPQAEGQLQWLNRRANALLANGVELRDNQLVVPSEGLYLIYSQVLFKGQGCPSHVLLTHTISRIAVSYQTKVNLLSAIKSPCAKPWYEPIYLGGVFQLEKGDRLSAEINRPDYLDFAESGQVYFGIIAL/KPVAHVVANPQAEGQLQWLNRRANALLANGVELRDNQLVVPSEGLYLIYSQVLFKGQGCHVLLTHTISRIAVSYQTKVNLLSAIKSPCKPWYEPIYLGGVFQLEKGDRLSAEINRPDYLDFAESGQVYFGIIAL,1.4508,
6ooy,8,">T=0.1, sample=0, score=0.7854, seq_recovery=0.4662",AASTKPRAHAYLDPSAVGSDVWRVDMPNALLHNGVKLENNQLVVPKDGLYLIYAQKLFKMEGCPPGVTLTLTISKISPSNPSPTVLLSTEVNPCSTRYVPLFLSGVFYLKAGDRLSCTVNKPEYLYNDSPGRNYFGILQI/ASTKAAAHLSADPNAKNEFKWVSDAPFCILKNGVKLENNQIVVPRSGLYLVYGQVLFKRTGCTSSLVLEATISLYDKKTKKWTPLLKSIVTPCPPTSYVPLFLSGVFELNAGDKLSFTVNNPEYLDFSNPGQNYFGILQI/PAQALLTADPNATNSLVWLADAPGGVATNGVQLVDNRLVVPQSGLWLVYGQVVFKGTGCPVVLEAKISKIDAVTGDEKTLLYAKVTPCTPWTVPLFLGGVFELQQGDRLAFTVNNPEYLDKSGSGETFFGLLQI,0.7854,0.4662
6ooy,8,">T=0.1, sample=0, score=0.7653, seq_recovery=0.4831",GASTRPVAHVVLDPAAKGSLVWRADAPNALLANGVTLENNQIVVPRDGLYRVYAQVTFKMTGCPADVTLTVTISVVKPSSPSPTVLLSASENPCSERYVPLYLSGVFYLQAGDRLSCTVNRPEYLDNSEPGLNYFGIEQL/PSTRAAAHASADPNAVNALKWVTDKPNCILHNGVKLENNQLVIPKSGLYRVYGQVLFKTTGCSSSLVLEATISLYKKATNTWTPLLSVRETPCNSTRYVPLYLSGVFELNAGDKLSFTVNRPEYLDFSKPGMNYFGILQL/RPRVLATADPNATNSLVWRCDAPGGVCENGVELVDNRLVIPESGLWRVFGSVVFTGSGCSVTLEAEITRIDAVTGSETTLLYAKATPCTSWTVPLYLSGVFELQKGDRLSFRVNNPEYLDLSGSGETFFGLRQL,0.7653,0.4831
6ooy,8,">T=0.1, sample=0, score=0.7661, seq_recovery=0.4976",GESTRPVAHVVLDPAAVGSDVWVADAPNALLHNGVQLVDNQLVVPKPGLYFIYAQKLFKLNGCPASVTLTLTISRVSPANPAPTVLLSASANPCNTRYVPLFLSGVFNLQAGDRLSCTVNRPEYLDNSQPGQNYFGILQL/GSTKAAAHAVADPNAKNALKWLTNVPNAILHNGVTLEDNQIVIPRSGLYFVYGQVLFKLTGCTNNTVLEATISLYRKSTNTWTPILRVIATPCNNTSYVPLFLSGVFELEAGDRLSFTVNNPQYLDFDNPGQNYFGIEQL/RAKALAYADSNATNSLVWVCNASGGVCTNGVKLENNQLVIPESGLYFIYGSVLFTGSGCNVTLTAKITRIDATTGNSTTLLYAKVTPCPPWSQPLFLSGVFELNKGDKLSFTVNQPQYLDKSGSGTNFFGIEQL,0.7661,0.4976
6ooy,8,">T=0.1, sample=0, score=0.7607, seq_recovery=0.5121",AASTKPVAHAVADPTAKGALVWRVDAPNALLHNGVKLEDNQLVIPKPGLYLIYAQVTFRMTGCPPGVTLTVTISKTSPSNPSPVTLLSASEDPCDERYVPLYLGGVFELQAGDKLSCTVNRPEYLDNSEPGRNYFGILQL/ASTKAAAHAKADPNATNAYVLVTDAPNCLLKNGVTLENNQIVVPRSGLYLVYGQALFKGTGCSSDTVLTLTISKYSAAEKKWTPLLKAIETPCNPTWYVPLYLGGVFYLNAGDKLSFTVNNPSFLDFENEGQNYFGILRL/KPRALAFADPNATNELKWLGDLPGGVLENGVKLEDNMLVIPESGLYLVYGSVQFTSNGCPVVLEARISRIHATTGNEETLLYAKATPCAPQTVPLYLGGVFELQKGDRLRFEVNNPEYLDLSGYGTNFFGILRL,0.7607,0.5121
6ooy,8,">T=0.1, sample=0, score=0.7599, seq_recovery=0.5266",AASTKPRATVRLDPAAKGSLVWRADAPNALLANGVKLEDNQLVIPKDGLYLIYAQVTFKMTGCPPGVTLTLTISRIAPSNPSPTVLLSTSVNPCSERYVPLFLSGVFYLQAGDRLSCTVNRPEYLYADEPGLNYFGILQL/ASTKAAAHLVADPNAKNELKWVADVPNAILHNGVRLEDNKLVIPRSGLYLVYAQVLFKTKGCTSSLELTATISLYRKEENTWTPLLRARYTPCNPERYVPLFLSGVFELEAGDRLSAEVNKPEYLDFSKPGQNYFGILQL/KPRALALADPNATNSLVWRCDLPGCVCENGVELKDNKLVIPRSGLYYIFGKVVFKGSGCPVVLEVKISRIHAETGNEETLLSAKVTPCAPWTVPLFLGGVFELKEGDRLSCEVNKPEYLDKSGSGTNYFGILQL,0.7599,0.5266
6ooy,8,">T=0.1, sample=0, score=0.7669, seq_recovery=0.4903",GESTKPVAHVRADPSAVGSLVWVADAPNALLYNGVELVDNQLVVPRPGLYLIYAQVTFKMTGCPPSVTLTVTISVIRPSNPAPETLLSASANPCNTVYVPLNLSGVFYLEAGDRLSCTVNRPEYLDNSEPGRNYFGILQL/ESKKARAHLKADPNAVNSYKWVSDAPNCILHNGIKLENNQIVVPKSGLYLVFAQALFKTTGCTSNTTLTLTISKYNKATQTTTPLLTQKATPCTTTSYVPLNLSGVFYLNAGDRLSATVNNPSYLDFSNPGQNYFGILQL/KAEALALADPNATNSLVWQCNLPGCVCSNGVKLVDNKLVIPKSGFYLIFGQVKFTGSGCTVTLEAKITKTDADTGKEETLLYSKATPCTPWTVNLNLSGVFELKKGDKLGFTVNKPEYLDKSGSGTTFFGIRQL,0.7669,0.4903
6ooy,8,">T=0.1, sample=0, score=0.7606, seq_recovery=0.4783",EASTRPAAHAVLDPTAKGDDVWRVDAPNALLANGVQLVDNRLVIPRPGLYRVYAQKTFKMEGCPPGVTLTLTISRIAPSNPSPTTLLSTSVNPCNTKYVPLFLSGVFELQAGDRLSCTVNKPEYLYNDEPGLNYFGILQL/ESTRARAHLKADPNAKNALKWVADAPNCILHNGVTLEDNQIVIPRSGLYRVYAQVLFKLNGCTSNVTLEATISLYRASTNEWVPLLKTIVTPCNSTRYVPLFLEGVFELEAGDRLAATVNNPEYLDFSEPGQNYFGIEQL/RAKGLFFADPNATNELKWLKNLPGGVGTNGVKLENNKIVIPRSGFYRVYGSVLFTGSGCSVTLKATITKEHATTGKKETLLSAKVTPCTSWSVPLFLEGVFELEKGDKLGFTVNNPEYLDKSGSGTTYFGIEQL,0.7606,0.4783
6ooy,8,">T=0.1, sample=0, score=0.7747, seq_recovery=0.4662",GASTRPRAFARADPSAVGSLVWRADMPDALLQNGVTLEDNKLVVPKDGLYFIYAQVTFKMEGCPPSVTLTVTISRVSPANPAPVTLLSASANPCDVRYVPLFLSGVFYLQAGDKLSCTVNRPEYLYNDAPGLNYFGILQL/SSTRAAAHAAADPNATNSLKWVTDKENCLLHNGITLKNNKLVVPRSGNYYVFAQALFSTKGCSSDLVLELTISRYRKATQTWTPLLRVIATPCNPTSYVPLFLGGVFELNAGDELAATVNNPQYLDFSEPGQNYFGILQL/RPKCLAFADPNATNALVWRCDLPGGVCENGVKLEDNKFVIPRSGLYYIFGSVLFTGTGCPVTLEYKITKIDAETGEEKVLLSAKVTPCSPWSVPLFLGGVFELKKGDRLGSTVNKPEYLDKSGYGTTFFGILQL,0.7747,0.4662
6ooy,8,">T=0.1, sample=0, score=0.7652, seq_recovery=0.5024",AASTRPRAHVVADPAAKGALVWRADAPLALLANGVRLEDNALVVPRPGYYYIYAQVTFKLNGCPAGVTLTLTISRIAPADPSPVVLLSTSKNPCSTKYVPLFLSGVFYLEAGDRLLCTVNRPEYLDNSEPGRNYFGILQL/ASTKAAAHARANPNAVNALEWVTDAPHCLLRNGVKLENNQLVVPRSGLYYVYAQALFKLTGCNSSVTLTLTISVYRAATQTWTPLLRTVVSPCPPELYVPLFLSGVFYLQAGDRLAAEVNRPEYLDFSKPGRNYFGILQL/RARALAFADPNATNSLVWKCDLPGGVCENGVKLENNLLVIPESGLYYIFGQVLFTGNGCPVTLEFEITKIHAKTGKKETLLYTKATPCAPWSVPLFLGGVFELEKGDKLGSTVNNPQYLDKSGYGENFFGILQL,0.7652,0.5024
6ooy,8,">T=0.1, sample=0, score=0.7843, seq_recovery=0.5024",GESTRPVCHAKLDPSAKGANVWRVDAPNALAHNGVKLEDNKIVVPKDGLYFIYAQATFKMEGCPPGVTLTLTISRIAPDNPKPEVLLSSSANPCNTRYVPLYLSGVFELKAGDKLSCTVNRPEYLDNSEPGLNYFGILQL/GSTKAAAHLVANPNAKNALEWISDAPFAILHNGITLENNKIVVPRSGLYYVYGQVLFKTQGCTSNLLLTATISLYNAKTKTETPLLTVRATPCPPTRYVPLYLSGVFELNAGDRLSFTVNKPEYLDFDEPGQNYFGILQL/RPRALAYLDPNASNSMVWVCDAPGGVCENGVELVDNQLVIPRSGLYYVYGKVKFTGSGCPVTLTATISIEHAETGEKVVLLSAKETPCTPWTVPLYLGGVFELQKGDRLSCEVNKPEYLDKSGSGENFFGILQL,0.7843,0.5024
6ooy,8,">T=0.1, sample=0, score=0.7472, seq_recovery=0.4807",GESTRPRAHVSADPAAVGALVWRADAPNCLLHNGVRLEDNQLVIPRPGYYRIYAQVTFRMEGCPAGVTLTATISRISPSNPAPVVLLSRSVDPCDVRYVPLFLEGVFYLEAGDRLSCTVNRPEYLDNSAPGLNYFGILQL/GSTKAAAHLKADPNAKNAWKWVSDAPNCLLKNGVTLEDNQLVVPRSGLYRVYAQALFKTTGCTDDLVLELTISLYRKATKTWTPLLRARYTPCPETRYVPLFLEGVFELNAGDRLSATVNNPEYLDFDKPGQNYFGILEL/RAKCLAFADPNATNALVWKCDLPGGVCVNGVKLEDNKIVIPRSGLYRVYGKVLFTGSGCPVVLEAEITKIDATTGESTTLLYAKATPCAPWTVPLYLEGVFELNKGDKLGCTVNRPEYLDLSGYGENYFGILEL,0.7472,0.4807
6ooy,8,">T=0.1, sample=0, score=0.7629, seq_recovery=0.4831",AASTKPRAHVVADASAVGSLVWRADAPNALLANGVRLEDNQLVIPRPGLYEIYAQVTFKLTGCPSNVTLTVTISVVRPDDPSPVVLLSTSANPCNEKYVPLFLSGVFELQAGDRLSCTVNQPQYLDNSEPGRNYFGIRQL/ASTKARANASYDPNAVNSLKWVTNVPHCILANGVTLKNNKIVIPRSGLYEVYAQVLFKTTGCTSNLTLTATISKYSKAKNEWTPLLKVIATPCNNTRYVPLFLSGVFELNAGDELSATVNNPEYLDFSEPGMNYFGILEL/KARAVAFADPNATNALVWRCDLPGGVCTNGVELVDNQLVIPRSGLYEVFGSVLFTGNGCNVVLEARISLIHADTGGSETLLYAKATPCTPWKVPLFLSGVFELRAGDRLSFEVNKPEYLDKSGYGENFFGILEL,0.7629,0.4831
6ooy,8,">T=0.1, sample=0, score=0.7525, seq_recovery=0.4952",MASTKPVAHAVADPAAVGSLVWRADAPNALLHNGVKLENNQLVIPKDGYYHIYAQVTFKMEGCPAGVTLTLTISKVSPSNPTPTVLLSTSKNPCGTKYVPLFLSGVFYLKKGDRLSCTVNRPEYLYNSAPGLNYFGILQL/MSKKAAAHLKADPNAKNAFKWVSDAPNCILHNGIKLEDNQIVIPKSGLYHVYAQVLFKIQGCSSGLTLEATISLYRKSLNKWEPLLRAIKTPCNNTKYVPLFLSGVFELEAGDRLSAEVNRPEYLSFEEPGMNYFGVKQL/KPSALAFVDPNATNALVWKCDLPGGICTNGVKLEDNKLVIPKSGLYHVFGSVKFTGSGCNVTLEARISKIDAKTGEKRTLLYAKETPCTPWTVPLFLSGVFELEKGDKLTFEVNQPEYLDKSGSGTNFFGIKQL,0.7525,0.4952
6ooy,8,">T=0.1, sample=0, score=0.7444, seq_recovery=0.4758",GASTRPRAHVKLDPAAKGAWVWRADAPNALLHNGVRLEDNQLVVPRDGLYYIYAQATFKMEGCPPGVTLTLTISVVSPDNPAPTVLLSRSENPCSTKYVPLFLGGVFYLKAGDRLSCTVNRPEYLDNSTPGLNYFGILQL/ESTKAAAHLKADPNAKNALKWVSDAPNCILHNGITLENNEIVVPRSGLYYVYGQVLFKLTGCSSSIELTATISKYNKATNTTTPLLTVRETPCNPTWYVPLFLGGVFELNAGDRLSFTVNRPEYLDFSEPGQNYFGIRQL/RPECLAFADPNASNSLVWKCDLPGGVCRNGVKLENNKLVIPKSGLYYVYGSVLFTGTGCPVTLEAKITKIHAKTGNEEVLLSAKVTPCPSWTQPLFLGGVFELEKGDKLGFTVNQPQYLDLSGLGETFFGIRQL,0.7444,0.4758
6ooy,8,">T=0.1, sample=0, score=0.7399, seq_recovery=0.5048",AASTKPRAHVVLDPAAKGSLVWRADAPNALLHNGVKLENNQLVVPKDGLYEIYAQVTFKMEGCPPSVTLTLTISVIKPSNPSPTTLLSASENPCNTRYVPLFLSGVFYLQAGDKLACTVNRPEYIDNSEPGRNYFGIRQL/ASTKAAAHLRADPNAKNALKWVADVPNAILTNGVTLENNKIVIPRSGLYEVYAQALFKTTGCTSNLTLTLTISLYRKSTQTWEPLLHAIETPCPPERYVPLFLSGVFELEAGDELSAEVNRPEYLDFDEPGQNYFGILQL/KAKALAFADPNASNSLVWRCDLPGGVCENGVELVDNKLVIPRSGLYEIFGKVVFTGSGCPVVLEARISRIHAKTGDSETLLYARETPCTPWTVPLFLSGVFELEEGDRLSFEVNRPEYLDKSGYGTTFFGILQV,0.7399,0.5048
6ooy,9,">cleaned, score=1.4663, fixed_chains=[], designed_chains=['A', 'B', 'C'], model_name=vanilla—v_48_020",TPSDKPVAHVVANPQAEGQLQWLNRRANALLANGVELRDNQLVVPSEGLYLIYSQVLFKGQGCPSHVLLTHTISRIAVSYQTKVNLLSAIKSPCKPWYEPIYLGGVFQLEKGDRLSAEINRPDYLDFAESGQVYFGIIAL/PSDKPVAHVVANPQAEGQLQWLNRRANALLANGVELRDNQLVVPSEGLYLIYSQVLFKGQGCPSHVLLTHTISRIAVSYQTKVNLLSAIKSPCAKPWYEPIYLGGVFQLEKGDRLSAEINRPDYLDFAESGQVYFGIIAL/KPVAHVVANPQAEGQLQWLNRRANALLANGVELRDNQLVVPSEGLYLIYSQVLFKGQGCHVLLTHTISRIAVSYQTKVNLLSAIKSPCKPWYEPIYLGGVFQLEKGDRLSAEINRPDYLDFAESGQVYFGIIAL,1.4663,
6ooy,9,">T=0.1, sample=0, score=0.7624, seq_recovery=0.4758",GASTRPRAHAVLDASAVGADVWRVDAPNALLANGVTLENNKLVVPRDGYYEIYAQKTFKMTGCPPSVTLTLTISRVAPDNPTPTVLLSDSEDPCSEVYVPLFLSGVFYLKAGDELSCTVNRPEYLDNSEPGRNYFGIKEL/ESTRARAHLVADPNAVNELKWLSDVPNAILANGITLENNQIVIPKSGLYEVYGQVLFKIEGCTSSLTLTATISKTSKAKNETTPLLTVRETPCPPTRYVPLFLSGVFELEAGDKLSFTVNNPEYLDFSQPGQNYFGVRQL/RPRALFFADPNSTNSLVWVADAPGGVAENGVELVDNRLVIPRSGYYEIYGSALFTGSGCPVVLEVRISRIDATTGDETTLLYAKVTPCTPWKVPLFLSGVFELKEGDRLSFTVNQPQYLDKSGSGTNYFGIRQL,0.7624,0.4758
6ooy,9,">T=0.1, sample=0, score=0.7576, seq_recovery=0.4831",EESTRPVAHAYLDPSAKGSWVWRADMENALLHNGVTLENNQLVIPKAGLYRIYAQATFKMEGCPPSVTLTLTISVVKPSNPTPTVLLSASVNPCSTRFVPLFLEGVFELQAGDKLSCTVNRPEYLDNSEPGRNYFGILQL/ESTKAAAHLVADPNAKNDYKWLSDVPHALLHNGITLKDNKLVVPRSGLYRVYAQALFKRTGCSSSLTITLTISKYRKSLNKTTPLLKVIVTPCNPTWYVPLFLEGVFELEAGDELSATVNNPELLDFSKPGQNYFGIEEL/RPRALFTADPNATNALVWVCNAPGGVCTNGVKLEDNKLVIPRSGLYRVFGSVLFTGSGCPVVLEAEISLIHARTGEEETLLYAKATPCAPWSVPLFLEGVFRLEKGDRLSFRVNQPQYLDKSGSGTNFFGIEEL,0.7576,0.4831
6ooy,9,">T=0.1, sample=0, score=0.7539, seq_recovery=0.5024",AASTRPRAHAVADATAVGDLVWRADAPDALLSNGVTLEDNQLVVPRPGYYFVYAQATFKMTGCPPGVTLTLTISRIAPSNPTPTVLLSTSANPCDTRYVPLYLGGVFYLQAGDRLSCTVNRPEYLDNSTPGRNYFGILEL/ASTKAAAHLKADPNAKNALVWVSDAPNCLLHNGIRLEDNQLVVPRSGLYYVYAQALFSLTGCSSDVTLTLTISRYRKATDTWTPLLHSIATPCNPTLYVPLYLGGVFELEAGDRLAATVNKPEYLDFSNPGQNYFGILQL/RPRALAFVDPNATNALVWRCDLPGGVCENGVRLEDNLLVIPESGLWYIYGSVKFTGNGCPVTLEYKITRIHATTGESETLLYAKATPCEPWTVPLYLGGVFELEKGDRLGSTVNNPQYLDKSGYGTTFFGIRQL,0.7539,0.5024
6ooy,9,">T=0.1, sample=0, score=0.7532, seq_recovery=0.4976",AASTKPVAHVVLDPSAVGSDVWRADAPNALLHNGVKLENNQLVVPKPGLYRIYAQATFKMTGCPPSVTLTLTISVIKPSNPSPTVLLSSSANPCDTKYVPLYLSGVFYLEAGDKLSCTVNRPEYLYNDEPGRNYFGILQL/ASTKARAHLSADPNAKNALKWVADVPNCILANGVTLENNQIVIPKSGLYRVYAQVLFKTTGCTSDLTLTATISLYRKATNTWTPLLTAIATPCTTTRYVPLYLSGVFELNAGDKLSATVNNPEYLSFDEPGQNYFGIEQL/KPKAVAFADPNATNSLTWLCNLPGGVCTNGVKLENNLLVIPRSGYYRVFGSVLFTGSGCTVTLTAKITKIKAKTGNEETLLSTKATPCTPWTVPLYLGGVFELEKGDKLGCTVNKPEYLDKSGSGTNFFGIEQL,0.7532,0.4976
6ooy,9,">T=0.1, sample=0, score=0.7847, seq_recovery=0.4807",GASTAPRATAYADPAAKGSLVWRADMPNALLSNGVELKDNKIVIPKDGLYKIYAQVTFKMEGCPPGVTLTVTISVVKPSNPSPEVLLSTSANPCNTRYVPLYLEGVFYLQAGDELSCTVNRPEYLYNSEPGTNYFGILQL/ESTKAAAHLSLDPNAKNELKWVSDKPNCILHNGVTLENNKLVIPESGLYKVYAQVLFKTQGCTSNTVLEATISLYRKSLKEETPLLRSIATPCNPTKYVPLYLEGVFELEAGDELSATVNNPEYLDFDTPGQNYFGILKL/APRALAFADPNATNELKWLCNLPGGVCSNGVTLEDNKLVIPESGLYKVYGSVLFTGSGCPVTLTAEITKIDATTGESTTLLSAKATPCTPWSVPLYLEGVFELNKGDKLSFTVNQPQYLDLSGYGETFFGIRKI,0.7847,0.4807
6ooy,9,">T=0.1, sample=0, score=0.7575, seq_recovery=0.4662",GASTKPRAHAVLDASAVGSDVWRVDAPNALLHNGVTLENNQIVIPKPGLYYIYAQKTFKMTGCPPGVTLTLTISVIKPSNPSPTVLLSASKNPCNERYVPLFLSGVFNLQAGDKLSCTVNQPAYLDNSAPGRNYFGILQL/ASTKPAAHASLDPNAKNEVKWVTDAPYCILHNGITLEDNKLVVPRSGLYYVYAQFLFKRTGCTSNLVIEVTISLYRAKEQKETPLLHTVYTPCNPTWYVPLFLSGVFELEAGDRLSATVNKPELLDFSTPGQNYFGILKL/KPKALAFADPNATNELKWLCNLPGGVCENGVKLENNKLVIPESGLYYIYGSVKFSGSGCPVTLTAEITKIDATTGDSKTLLSAKVTPCTPWTVPLFLSGVFELKKGDKLGLTVNQPQYLDKSGYGETFFGILKL,0.7575,0.4662
6ooy,9,">T=0.1, sample=0, score=0.7640, seq_recovery=0.4831",GASTKPRAHAVADPSAKGSLVWRVDAPFALLHNGVKLENNQLVVPKDGLYRIYAQVTFKLTGCPPSVTLTLTISRVSPSNPSPVTLLSTSENPCDEKYVPLFLSGVFYLKAGDKLSCTVNRPEYLDNSEPGRNYFGIEQL/MSTKAAAHLRYDPNAVNDLKWISDAPFCLLHNGVKLEDNKIVVPRSGLYRVYAQVLFKTTGCSSDTVLTATISLYRKATNTETPLLTVRETPCDPEKYVPLFLEGVFELEAGDRLSATVNNPQYLDHSEPGMNYFGILEL/KARALLFADPNATNELKWLAGLPGGVAENGVKLENNKIVIPRSGLYRVYGQVKFTGNGCPVVLEARISKIHATTGNSETLLYAKVTPCTPWTVPLFLEGVFELEEGDQLTFEVNKPEYLDLSGQGENFFGILEL,0.764,0.4831
6ooy,9,">T=0.1, sample=0, score=0.7647, seq_recovery=0.4879",GGSTRPVAHVVLDPSAVGADVWVADAPNALLHNGVKLEDNQLVVPRPGLYRIYAQKLFRMSGCPSSVTLTLTISRISPANPSPVTLLSTSANPCNTRYVPLFLSGVFELEAGDRLSCTVNQPAYLDNSSPGRNYFGIEQL/GSSKAAAHLKADPNAVNALKWVSNAPNCILKNGIKLENNEIVIPRSGLYRVYAQVLFKTTGCTSNLTLTATISLYRAATKTRTPLLQAIATPCAPEQYVPLFLSGVFELNAGDRLSATVNNPQYLDFSEPGQNYFGVLQL/RAQALAFADPNATNALVWLCDLPGGVCTNGVTLEDNKLVIPESGLYRVFGSVKFSGTGCPVTLEARISRIDAVTGEEKTLLYAKATPCSPWTVPLFLSGVFELQKGDRLGLTVNNPQYLDKSGYGETFFGILQL,0.7647,0.4879
6ooy,9,">T=0.1, sample=0, score=0.7773, seq_recovery=0.4976",GPSTKPRAHAVADASAVGSLVWRADAPNALLHNGVRLENNQLVVPRDGYYLIYAQVTFRMEGCPPSVTLTLTISRVAPSNPAPTVLLSKSVNPCDVRYVPLYLSGVFYLQAGDRLSCTVNRPEYLYNSAPGLNYFGILQL/PSTKARAHLSADPNAKNAWKWVADKPFCILHNGVQLVNNEIVVPRSGLYLVYAQALFKTTGCTSDLTLTLTISLYRAATKTRTPLLRAVYSPCNETRYVPLYLSGVFELNAGDRLSATVNKPEYLDFSQPGQNYFGILEL/KPQCLAYVDPNATNSLVWQCNLPGGVCSNGVELKDNELVIPRSGLYLIYGKVLFTGNGCPVVLEAEITKKHAKTGDWETLLYAKATPCTPWSVPLYLGGVFELEQGDRLGCRVNRPEYLDKSGYGENFFGIREL,0.7773,0.4976
6ooy,9,">T=0.1, sample=0, score=0.7705, seq_recovery=0.4855",GASTKPVATAYLDPSAKGQNVWVADAPNALLHNGVTLENNQLVIPRDGLYLIYAQATFKMEGCPPGVTLTLTISVVRPSNPSPVTLLSTSKNPCNVKYVPLFLSGVFHLQAGDRLSCTVNKPEYLYNDLPGRNYFGILQL/ESKKAAAHLSADPNAVNDYKWVSNAPNCILHNGVKLENNKIVVPKSGLYLVYGQALFKTTGCTSNEILEVKISLYRKSTQTWTPLLYARKTPCNPTRYVPLFLSGVFELNAGDELSFTVNKPEYLDFSNPGMNYFGILQL/KPRALAFADPNASNSLVWLTDLPGGVAENGVKLENNQLVIPRSGLYLVYGSVLFTGSGCPVTLTATISKIHAKTGNSETLLYAKVTPCTPWSVPLFLSGVFRLEKGDKLSSTVNQPQYLDLSGYGTTFFGILQL,0.7705,0.4855
6ooy,9,">T=0.1, sample=0, score=0.7722, seq_recovery=0.4686",AASTRPVAHASLDPAAVGDLVWRADAPNCLLANGVRLEDNQLVVPRAGLYRVYAQALFRQEGCPPGVTLTLTISRISPANPAPEVLLSRSENPCDVRYVPLFLEGIFELEAGDRLSCTVNRPELLDNSEPGRNYFGILQL/ASTRARAHLSADPNAVNSYEWVSDKPFCILANGITLEDNKIVVPRSGLYRVYGQVLFKTTGCTSDTVLEAVISLYRAATQEETPLLRVIETPCPLERYVPLFLEGVFELEAGDRLSFTVNKPEYLDFSNPGQNYFGILQL/RARAVFFADPNATNSLTWVADAPGGVAENGVELVDNKLVIPESGYYRVFGSVLFTGSGCPVVLEAKITKIHAKTGEEETLLYAKATPCTPWRVPLFLEGVFELEKGDRLGFTVNQPQYLDKSGSGETYFGVRQL,0.7722,0.4686
6ooy,9,">T=0.1, sample=0, score=0.7455, seq_recovery=0.5217",GASTKPVAHAVADPAAKGALVWRVDAPNALLHNGVTLKDNQLVIPKPGLYFIYAQALFKLEGCPPGVTLTLTISKISPANPTPTTLLSASADPCATKYVPLFLGGVFYLEAGDKLSATVNRPEYLDNSAPGRNYFGILQL/ASTKAAAHLKADPNAKNALKWVSDAPNCLLTNGIKLENNQIVVPKSGLYFVYGQVLFSLTGCTSAVTLEVTISLYRKSEQKWTPLLRAIASPCSPTRYVPLFLGGVFELEAGDRLSLTVNKPEYLDFSNDGQNYFGILQL/KPKALAFADPNATNALVWLCNLPGGVCENGVTLEDNKLVIPESGLYFIYGSVLFTGTGCPVTLEARISLIKATTGNEETLLYAKETPCAPWSVPLFLGGVFNLEKGDKLSCEVNQPQYLDKSGYGTNFFGILQL,0.7455,0.5217
6ooy,9,">T=0.1, sample=0, score=0.7392, seq_recovery=0.4976",GGSTKPRAHVVADPAAVGALVWRADAPNALLANGVKLEDNQLVIPKPGLYQIYAQVTFKMEGCPPSVTLTLTISVTKPSNPTPTVLLSTSEDPCDVRYVPLYLSGVFNLEAGDKLSATVNRPEYLYNDRPGLNYFGILQL/GSSKAAAHLRADPNAKNELKWVADAPNCLLHNGVTLENNQIVVPRSGLYQVYGQVLFKLTGCSDDTLLEATISLYRAATQTWTPLLHVRETPCNETRYVPLFLSGVFELEAGDRLSLTVNNPEYLDFSNPGMNYFGIRQL/KAEALFFADPNATNALVWQANLPGGVASNGVQLVDNKLVIPRSGLYQVFGSVTFSGTGCPVTLEARISKIHAKTGKEETLLYSKVTPCTPWTVPLYLSGVFELEKGDRLSFTVNQPQYLDKSGSGTNFFGIRQL,0.7392,0.4976
6ooy,9,">T=0.1, sample=0, score=0.7538, seq_recovery=0.4855",EESTKPRAHVVRDPAAVGADVWRADAPGALLANGVRLEDNQLVVPRDGLYRVYAQALFRMTGCPPGVTLTLTISVVRPEDPRPVVLLSDSENPCDERYVPLFLSGVFYLRAGDRLSCTVNRPEYLDNSRPGLNYFGILEL/ESKKAAAHLVYDPNAKNALKWVADVPNALLHNGVKLEDNKIVIPKSGLYRVYGQALFKGKGCTSDTVLEATISRYVKSKKEWTPLLHVRETPCDPEWYVPLFLEGVFNLEAGDELSFTVNKPEYLDFSEPGQNYFGILQL/KARCLAFLDPNATNADVWLCDLPGGVCENGVELVDNQLVIPESGLYRVFGSRLFSGSGCPVTLTVAITRTHAVTGETETLLSAKATPCSPWRVPLFLEGVFRLEKGDRLGLTVNQPQYLDKSGYGENFFGIRQL,0.7538,0.4855
6ooy,9,">T=0.1, sample=0, score=0.7776, seq_recovery=0.4976",GESTAPVAHAVADASAKGALVWRTDAPNALLANGVRLENNQLIVPRDGLYRIYAQVTFKAEGCPPGVTLTLTISKVSPSNPSPTVLLSTSANPCDTRYVPLYLSGVFYLEAGDRLSCTVNRPDLLYNSRPGLNYFGIEQL/ESTLARAHLSYDPNAKNALKWVADRPHCLLANGVRLEDNQLVIPRSGLYRVYGQVLFKTTGCTSDLVLEATISLTRAATQTTTPLLHQIATPCNPTRYVPLYLSGVFRLEAGDRLSFTVNRPELLDFDNPGQNYFGIEQL/AARALAFADPNATNELKWLCNLPGGVCSNGVKLEDNLLVIPESGYYRVYGSVLFTGNGCPVTLEAKITRIKATTGGSETLLYAKETPCTPWTVPLYLSGVFRLEKGDRLGFTVNNPQYLDKSGSGTTFFGIEQL,0.7776,0.4976
6ooy,10,">cleaned, score=1.4578, fixed_chains=[], designed_chains=['A', 'B', 'C'], model_name=vanilla—v_48_020",TPSDKPVAHVVANPQAEGQLQWLNRRANALLANGVELRDNQLVVPSEGLYLIYSQVLFKGQGCPSHVLLTHTISRIAVSYQTKVNLLSAIKSPCKPWYEPIYLGGVFQLEKGDRLSAEINRPDYLDFAESGQVYFGIIAL/PSDKPVAHVVANPQAEGQLQWLNRRANALLANGVELRDNQLVVPSEGLYLIYSQVLFKGQGCPSHVLLTHTISRIAVSYQTKVNLLSAIKSPCAKPWYEPIYLGGVFQLEKGDRLSAEINRPDYLDFAESGQVYFGIIAL/KPVAHVVANPQAEGQLQWLNRRANALLANGVELRDNQLVVPSEGLYLIYSQVLFKGQGCHVLLTHTISRIAVSYQTKVNLLSAIKSPCKPWYEPIYLGGVFQLEKGDRLSAEINRPDYLDFAESGQVYFGIIAL,1.4578,
6ooy,10,">T=0.1, sample=0, score=0.7572, seq_recovery=0.5048",AASTKPVAHVVLDPAAKGANVWRADAPNALLHNGVKLENNQIIIPKPGLYRIYAQATFKMNGCPPSVTLTLTISRVSPSNPSPTVLLSASVNPCDTKYVPLYLSGIFNLQAGDRLSCTVNRPEYLDNSAPGRNYFGILQL/ASTKAAAHLKADPNAVNSLKWVADVPNALLRNGVTLEDNQLVVPRSGLYRVYGQVLFKTTGCTSDTVLTATISLYRKSEQKETPLLHVVVTPCSSTSYVPLYLSGVFELEAGDRLSFTVNKPEYLDFDEPGQNYFGIEQL/KPRAVAYADPNASNSLVWRCDLPGGVCENGVKLENNELVIPRSGLYRIYGSVLFSGSGCSVTLTAKITRRHAKTGDEETLLSAKVTPCEPWTVPLYLSGVFELEEGDRLGFTVNQPQYLDKSGYGTNFFGIEQL,0.7572,0.5048
6ooy,10,">T=0.1, sample=0, score=0.7623, seq_recovery=0.4855",AASTRPVATVRADPAAVGSLVWRADMPNALLANGVRLEDNQLVVPRPGLYFVYAQVTFKMTGCPASVTLTVTISVVRPSNPAPQVLLSTSANPCDTRYLPLFLSGVFQLQAGDRLSCTVNRPEYLDNSRPGRNYFGILQL/ASTRAAAHLKADPNAKNALVWVADAPDCLLHNGITLENNEIVVPRSGLYFVYGQVLFSTTGCTSDTVLEATISLYKKSTKEWTPLLHAIATPCGGTRYLPLFLSGVFELEAGDRLSFTVNRPEYLDFSTPGQNYFGIRQL/RPEALFTVDPNATNALVWLANAPGGVAVNGVTLENNKLVIPRSGLYFVYGSVLFSGTGCGVTLTATITKIHATTGDTVPLLSAKVTPCEPWTLPLFLSGVFELQQGDQLGFTVNRPEYLDKSGSGTTFFGVRQL,0.7623,0.4855
6ooy,10,">T=0.1, sample=0, score=0.7617, seq_recovery=0.5000",GGSTRPVAHVVLDPSAVGSDVWRADAPNALLHNGVTLEDNQLVVPRPGLYRIYAQKLFKLTGCPPGITLTLTISRVSPANPAPTTLLSASANPCGERYVPLYLSGVFELQAGDRLSATVNRPEYLYNDEPGLNYFGILQL/GSSKARAHLVADPNAKNEWKWVSDAPNALLHNGITLVDNKIVVPRSGLYLVYAQALFKLTGCSGGTVLELTISLYRRSTQEWRPLLRTIATPCNPTRYVPLYLSGVFELEAGDELAATVNNPEYLDFSKPGMNYFGILQL/RASCLAFVDPNATNSLTWLCNLPGGVCSNGVKLEDNKIVIPKSGLYLVYGQVVFTGSGCPVTLEARISKIKAKTGEEETLLYAKATPCTPWTVPLYLSGVFELEKGDKLSCEVNQPQYLDKSGSGQNYFGIRQL,0.7617,0.5
6ooy,10,">T=0.1, sample=0, score=0.7457, seq_recovery=0.4831",SASTKPRAHAVADPAAKGALVWRADAPGALLHNGVKLEDNQLVIPRPGLYLIYAQVTFKLEGCPPGVTLTVTISVVKPSNPSPTVLLSASANPCNVKYVPLYLGGVFYLEAGDKLSCTVNRPEYLYNDTPGRNYFGILQL/SSTKAAAHLKADPNAKNALKWVADAPNCILKNGVQLVNNKLVIPRSGLYLVFGQALFSLTGCTGNTTLTATISKYSKAENKETPLFTVIATPCNPTRYVPLYLGGVFELNAGDELSFTVNNPQYLDFSEPGQNYFGILRL/KPKALAFADPNSTNSLVWKCDLPGGVCTNGVKLEDNKLVIPESGLYLVFGSVTFTGTGCPVTLTAKITRIDAETGEEETLLYAKVTPCTPWTVPLYLGGVFELKKGDKLGCTVNNPEYLDKSGYGTNFFGILRL,0.7457,0.4831
6ooy,10,">T=0.1, sample=0, score=0.7610, seq_recovery=0.4734",GASTKPVAHVSADPAAKGALVWRADAPNCLLHNGVRLENNRLVVPRPGLYRVYAQVTFKMEGCPPSVTLTLTISVVKPSNPAPEVLLSASENPCDTRYVPLFLEGVFYLEAGDELSCTVNRPEYLYNDQPGLNYFGILQL/GSKKARAHLVADPNAKNELKWVSDVPNAILANGVTLKDNKIVIPESGLYRVYAQVLFKTQGCTSDLVLEATISLYSKAKNETTPLLTVRETPCNTTSYVPLFLEGVFELNAGDELSATVNNPEYLDFSNPGQNYFGIEQL/KPRALFYADPNSTNELKWLANLPGGVAENGVKLENNELVIPRSGFYRVYGSVQFTGTGCTVTLEAKISRTKATTGNTENLLYAKATPCTPWTVPLFLEGVFELQQGDRLGCTVNNPEYLDKSGYGTNFFGVEQL,0.761,0.4734
6ooy,10,">T=0.1, sample=0, score=0.7589, seq_recovery=0.4952",GSSTRPVAHAVADPAAKGALVWRADAPNALLHNGVRLEDNQLVIPRDGLYRVYAQVTFKMEGCPPNVTLTLTISVVRPSNPSPEVLLSAEANPCNVKYVPLYLSGVFYLQAGDRLSCTVNRPEYIDNSEPGRNYFGILQL/SSTRARAHLVADPNATNALVWKADVPNAILANGVTLENNQLVVPRSGLYLVFGQVLFSTTGCTSNTVLTATISLYNKATNTWTPLLTVRATPCSSTRYVPLYLSGVFYLNAGDRLSFTVNNPQYLDFSEPGQNYFGILEL/RAKALFLADPNATNSLTWVCDAPGCVCENGVKLEDNLIVIPRSGYYLIFGSVVFTGNGCSVTLEYRITRIHATTGEEETLLSARVTPCTPWTVPLYLEGVFELEEGDRLGSTVNNPAYLDLSGSGETFFGILEL,0.7589,0.4952
6ooy,10,">T=0.1, sample=0, score=0.7637, seq_recovery=0.4976",AASTRPAAHVVLDASAVGDNVWRADAENALLHNGVRLEDNQLVVPRPGLYLVYAQATFKMEGCPPSVTLTLTISRVAPSNPSPVVLLSATKNPCSTRYVPLFLSGVFELQAGDRLSCTVNQPQYLYNDEPGLNYFGILEL/ASTKARAHLKADPNAKNALVWIADAPDCILHNGVKLEDNKIVIPRSGLYLVYAQALFKTTGCSSSLTLTLTISLYRKELNKWVPLLKAIKSPCNPTSYVPLFLSGVFELKAGDKLSAEVNKPEYLDFSEPGQNYFGILQL/RPKCLAFADPNATNELKWLCDLPGGICTNGVKLEDNKLVIPKSGFYLIYGSVTFTGTGCPVTLTAKITKIHATTGKEEVLLSSKVTPCTPWTVPLFLGGVFELEKGDKLGFSVNNPQYLDKSGYGTNFFGILQL,0.7637,0.4976
6ooy,10,">T=0.1, sample=0, score=0.7575, seq_recovery=0.4855",GRSTRPRAHAVLDPAAKGSLVWRADAPNALLHNGVKLEDNQLVVPRDGLYKIYAQALFKMEGCPPSVTLTLTISKISPSNPSPTVLLSASANPCSTRYVPLFLEGVFYLKAGDKLSCTVNRPEYLYNSAPGLNYFGILQL/RSTRAAAHASADPNAVNALKWVTDAPNCLLTNGVQLVDNQLVVPRSGLYHVYAQVLFKQKGCSSSLTVEATISRYNAATQTWTPLLRVIATPCNPTWYVPLFLEGVFYLNAGDRLSATVNRPELLDFSNPGQNYFGIREL/RPRALAFADPNATNALVWRGDLPGGVLENGVKLENNQLVIPRSGLYHVFGSVLFTGNGCPVVLEYKITKIDAKTGTSTTLLYSKVTPCAPWTKPLFLEGVFELNEGDKLGSTVNQPQYLDKSGYGTTFFGIREL,0.7575,0.4855
6ooy,10,">T=0.1, sample=0, score=0.7552, seq_recovery=0.5145",AASTKPRAHVVADPAAKGALVWRADAPNALLHNGVTLEDNQLVIPKDGYYKIYAQVTFKMEGCPESVTLTLTISRVSPANPSPTVLLSASVNPCSTRYVPLYLSGVFYLQAGDRLSCTVNRPEYLDLSAPGRNYFGILQL/ASTKAAAHLVADPNAKDALKWVADVPNALLHNGVTLEDNQIVVPKSGLYHVYGQVLFKTTGCSSSLTLTATISKYRKATNTWTPLLTAVVTPCSSERYVPLYLSGVFELEAGDRLSFTVNRPEYLSFDNPGMNYFGILQL/KPRALAFADPNATNSLVWLTNLPGGVAENGVELVDNKLVIPESGLYHVYGSVKFTGTGCSVVLEAKISLIKATTGNEETLLYAKATPCTPWTVPLYLEGVFELEKGDRLSCTVNNPQYLDKSGQGTTFFGILQL,0.7552,0.5145
6ooy,10,">T=0.1, sample=0, score=0.7760, seq_recovery=0.5097",AASTKPRAHVVLDPAAKGAQVWRADAPNALLANGVELVDNQLVIPRDGLYFIYAQVTFKMEGCPPSVTLTLTISRISPSNPAPVVLLSTSENPCSTRYVPLFLSGVFHLQAGDRLSCTVNRPEYLDNSTPGRNYFGILQL/ASTKARAHLSADPSATNALVWVSDAPNCILANGVQLVDNQLVVPRSGLYYVYGQVLFKLKGCTSSTVLTATISRYRASTQTWEPLLHVVETPCDPEIYVPLFLSGVFELEAGDRLSFTVNDPSYLDFSHPGQNYFGILQL/KARALAFADPNATNALVWQCNLPGGVCENGVKLENNRLVIPESGYYYVYGSVLFTGSGCPVVLEARITRIHATTGNEETLLYTRATPCTPWSVPLFLGGVFELQKGDQLGFTVNRPDYLDKSGSGTTFFGIRQL,0.776,0.5097
6ooy,10,">T=0.1, sample=0, score=0.7646, seq_recovery=0.5000",EESTKPVAHAVLDPAAVGANVWRVDAPNALLHNGVKLEDNQLVIPKPGLYLIYAQATFRLEGCPPSVTLTLTISVTKPSNPSPTVLLSAEADPCGVRYVPLYLSGVFNLEAGDKLSCTVNRPEYLDNSAPGRNYFGILQL/ESKKAAAHLSYDPNAVNELKWVSDAPHCLLHNGVTLEDNQIVIPRSGLYLVYAQVLFSLTGCTSGTTLTATISLYRKATQTETPLLHVVASPCGGTRYVPLYLSGVFELEAGDRLSATVNNPSYLDFSTPGQNYFGILQL/KPEALAFVDPNATNALVWRCDLPGGVCRNGVELVDNELVIPRSGLYLVYGSVLFTGNGCGVTLTATITLRHATTGSWETLLSAKETPCPPWTVPLYLSGVFRLQQGDRLGCTVNNPQYLDKSGSGTTFFGVRQL,0.7646,0.5
6ooy,10,">T=0.1, sample=0, score=0.7547, seq_recovery=0.4783",AASTRPRAHVRLDPAAVGAWVWRADAPGALLANGVRLENNQLVVPRPGLYFIYAQATFRLTGCPPGVTLTLTISRVAPSNPSPTVLLSASADPCDERYQPLFLSGVFYLQAGDRLSATVNRPEYLYNDEPGLNYFGILQL/ASTKAAAHLSADPNAKNDLKWVADKPNCILHNGVKLENNQIVVPRSGLYLVFGQVLFKLTGCTSDLLLEATISLYRAATQEWRPLLRVRATPCGSTSYQPLFLSGVFELEAGDRLAFTVNRPEYLDFSEPGRNYFGILQL/RARALAFADPNATNALVWRCDLPGGVCSNGVALVDNQLVIPASGLYLVFGSVKFTGNGCSVVLEAKITKTAATTGDSVTLLSAKVTPCTPWTQSLFLSGVFELQAGDRLGFTVNRPEYLDLSGYGTTFFGVRQL,0.7547,0.4783
6ooy,10,">T=0.1, sample=0, score=0.7623, seq_recovery=0.5193",EESTKPVAHAVADPSAVGDLVWRADAPNALLHNGVTLEDNQLVVPKAGLYQIYAQVTFKMTGCPPSVTLTLTISRVAPSNPSPVTLLSDSKTPCDTRYVPLYLSGVFSLQAGDKLSCTVNRPDLLDNSEPGLNYFGILQL/ESKKAAAHLVADPNAKNALKWVADVPNALLHNGVTLEDNKIVVPRSGLYQVYAQALFKTQGCTSDLVLELTISKYDKAKNTWTPLLRVIKTPCGLTKYVPLYLSGVFYLNAGDKLSATVNKPEYLDFSNPGQNYFGILQL/KPRALAFADPNATNSLVWLCDLPGGVCENGVKLEDNLLVIPESGLYQIFGKVTFTGTGCYVTLTFKITKKDAKTGEETTLLYAKATPCTPWTVPLYLGGVFKLEKGDKLGATVNNPQYLDKSGYGTNFFGIEQL,0.7623,0.5193
6ooy,10,">T=0.1, sample=0, score=0.7420, seq_recovery=0.5072",AASTAPRAHVVADASAVGSLVWRADAENALLHNGVRLEDNQLVVPRPGLYLIYAQVTFKMDGCPAGVTLTLTISVVRPSDPRPVVLLSTSVNPCNTVYQPLYLSGVFYLEAGDRLSCTVNQPQYLYNSEPGLNYFGILQL/ASTKARAHASYDPNAKNAYKWVTDKPFCILANGVKLENNQIVIPKSGLYLVYGQALFKTTGCSSNLTLTFTISKYKKSTNTWTPLLKQIVTPCSSTRYQPLYLSGVFELEAGDRLSATVNKPEYLDFSEPGQNYFGILQL/AARALAFADPNATNALVWRCDLPGGVCENGVELVDNKLVIPESGYYLVYGQVLFTGNGCSVTLTAKITRIDATTGDEKTLLSAKVTPCTPWTQPLYLSGVFELKKGDRLGCTVNQPQYLDKSGYGETFFGILQL,0.742,0.5072
6ooy,10,">T=0.1, sample=0, score=0.7675, seq_recovery=0.4783",AASTRPRAHAVADPSAVGSLVWRADAPNALLQNGVRLENNQLVVPRDGLYHIYAQVTFKMEGCPPGVTLTVTISVVRPSNPSPQVLLSSSVNPCNVKYVPLYLSGVFQLQAGDRLSCTVNKPEYLYNDTPGRNFFGILQL/ASTKAAAHLVLDPNAKNSWVWKSDVPNALLHNGVTLEDNKIVIPRSGLYEVYAQALFKTTGCTSNTTLTLTISKYDAATQTETPLLTAIVTPCNTTSYVPLYLSGVFELNAGDRLSATVNNPEYLDFSKPGQNYFGIRQL/RARCLAYVDPNATNSLVWVCDAPGGVCENGVTLENNKLVIPESGLYEIFGSVKFTGSGCTVVLEAEITREDAVTGKKETLLYSKVTPCSPWTVPLYLGGVFELKKGDRLGFTVNQPQYLDKSGYGETFFGIRQL,0.7675,0.4783
